Year,Years_of_Schooling,Literacy_Rate_15_24,Primary_Completion_Rate,Lower_Secondary_Completion,Upper_Secondary_Completion
2013,1665.0,,963.0,1233.0,998.0
2013,93.0,,60.0,68.0,57.0
2013,1060.0,,472.0,679.0,623.0
2013,99.0,,52.0,77.0,61.0
2013,120.0,,93.0,89.0,65.0
2013,146.0,,80.0,115.0,82.0
2013,109.0,,73.0,76.0,69.0
2013,121.0,,68.0,93.0,70.0
2013,86.0,,49.0,68.0,52.0
2013,168.0,,98.0,158.0,95.0
2013,89.0,,56.0,56.0,48.0
2013,106.0,,79.0,89.0,77.0
2013,71.0,,50.0,62.0,48.0
2013,572.0,,306.0,423.0,345.0
2013,94.0,,63.0,65.0,50.0
2013,113.0,,54.0,67.0,72.0
2013,165.0,,59.0,103.0,86.0
2013,4019.0,,2613.0,3283.0,2376.0
2013,2116.0,,998.0,1364.0,1281.0
2013,1066.0,,485.0,652.0,645.0
2013,716.0,,442.0,556.0,421.0
2013,828.0,,460.0,589.0,490.0
2013,1000.0,,504.0,641.0,576.0
2013,1031.0,,428.0,616.0,611.0
2013,681.0,,386.0,533.0,418.0
2013,713.0,,501.0,623.0,410.0
2013,837.0,,503.0,644.0,508.0
2013,74.0,,45.0,64.0,48.0
2013,905.0,,523.0,654.0,539.0
2013,54.0,,,39.0,33.0
2013,198.0,,134.0,169.0,107.0
2013,37.0,,,,
2013,476.0,,184.0,284.0,275.0
2013,33.0,,,,
2013,103.0,,53.0,67.0,65.0
2013,95.0,,47.0,53.0,59.0
2013,950.0,,464.0,638.0,574.0
2013,85.0,,49.0,56.0,46.0
2013,87.0,,63.0,48.0,48.0
2013,88.0,,46.0,79.0,48.0
2013,107.0,,85.0,106.0,73.0
2013,165.0,,113.0,123.0,98.0
2013,192.0,,114.0,148.0,105.0
2013,163.0,,108.0,124.0,86.0
2013,374.0,,177.0,251.0,241.0
2013,159.0,,107.0,127.0,111.0
2013,137.0,,70.0,86.0,87.0
2013,292.0,,156.0,201.0,175.0
2013,113.0,,71.0,89.0,67.0
2013,126.0,,82.0,105.0,71.0
2013,90.0,,45.0,60.0,55.0
2013,1238.0,,763.0,1008.0,758.0
2013,1429.0,,943.0,1179.0,831.0
2013,1905.0,,1027.0,1295.0,1115.0
2013,1981.0,,892.0,1254.0,1185.0
2013,4132.0,,2211.0,2877.0,2438.0
2013,61.0,,41.0,55.0,43.0
2013,557.0,,377.0,475.0,340.0
2013,156.0,,91.0,137.0,86.0
2013,176.0,,108.0,147.0,104.0
2013,110.0,,56.0,81.0,59.0
2013,323.0,,182.0,239.0,200.0
2013,153.0,,105.0,102.0,98.0
2013,88.0,,50.0,72.0,55.0
2013,162.0,,80.0,122.0,92.0
2013,69.0,,41.0,65.0,45.0
2013,178.0,,104.0,136.0,108.0
2013,111.0,,82.0,100.0,78.0
2013,147.0,,35.0,53.0,71.0
2013,133.0,,56.0,99.0,86.0
2013,128.0,,77.0,87.0,71.0
2013,110.0,,66.0,82.0,54.0
2013,124.0,,69.0,74.0,74.0
2013,88.0,,54.0,63.0,46.0
2013,122.0,,75.0,83.0,77.0
2013,136.0,,81.0,107.0,75.0
2013,179.0,,92.0,110.0,106.0
2013,4086.0,,2377.0,3092.0,2449.0
2013,8218.0,,4588.0,5969.0,4887.0
2016,10483.0,,5933.0,7723.0,6213.0
2016,167.0,,78.0,83.0,91.0
2016,121.0,,71.0,95.0,76.0
2016,1170.0,,568.0,816.0,733.0
2016,145.0,,87.0,100.0,81.0
2016,211.0,,112.0,137.0,129.0
2016,134.0,,96.0,103.0,80.0
2016,166.0,,133.0,136.0,94.0
2016,5220.0,,3357.0,4186.0,3097.0
2016,212.0,,90.0,140.0,128.0
2016,122.0,,77.0,80.0,64.0
2016,124.0,,87.0,133.0,74.0
2016,164.0,,123.0,137.0,88.0
2016,180.0,,119.0,132.0,116.0
2016,719.0,,387.0,566.0,434.0
2016,131.0,,83.0,120.0,71.0
2016,249.0,,118.0,185.0,157.0
2016,245.0,,132.0,175.0,152.0
2016,191.0,,119.0,142.0,110.0
2016,2513.0,,1274.0,1736.0,1519.0
2016,74.0,,40.0,61.0,45.0
2016,752.0,,420.0,537.0,469.0
2016,936.0,,582.0,728.0,513.0
2016,1114.0,,616.0,792.0,658.0
2016,1299.0,,616.0,836.0,768.0
2016,1226.0,,599.0,853.0,739.0
2016,748.0,,456.0,653.0,462.0
2016,1043.0,,628.0,772.0,609.0
2016,1364.0,,628.0,893.0,780.0
2016,1113.0,,671.0,858.0,644.0
2016,1061.0,,643.0,792.0,646.0
2016,52.0,,51.0,60.0,33.0
2016,251.0,,175.0,216.0,151.0
2016,62.0,,,37.0,42.0
2016,704.0,,284.0,384.0,412.0
2016,49.0,,,33.0,
2016,159.0,,66.0,92.0,88.0
2016,1191.0,,702.0,902.0,705.0
2016,5327.0,,2833.0,3746.0,3147.0
2016,177.0,,103.0,141.0,103.0
2016,161.0,,89.0,109.0,82.0
2016,143.0,,105.0,120.0,92.0
2016,270.0,,178.0,198.0,173.0
2016,257.0,,140.0,193.0,152.0
2016,190.0,,122.0,142.0,124.0
2016,408.0,,180.0,308.0,275.0
2016,105.0,,64.0,72.0,61.0
2016,77.0,,43.0,64.0,38.0
2016,325.0,,168.0,226.0,201.0
2016,208.0,,107.0,154.0,116.0
2016,108.0,,78.0,87.0,66.0
2016,65.0,,40.0,50.0,39.0
2016,1500.0,,876.0,1190.0,931.0
2016,1979.0,,1210.0,1500.0,1122.0
2016,2227.0,,1287.0,1650.0,1302.0
2016,2490.0,,1318.0,1738.0,1473.0
2016,2287.0,,1242.0,1645.0,1385.0
2016,107.0,,65.0,95.0,64.0
2016,207.0,,106.0,155.0,108.0
2016,210.0,,127.0,164.0,130.0
2016,117.0,,66.0,102.0,74.0
2016,131.0,,94.0,98.0,65.0
2016,435.0,,254.0,337.0,259.0
2016,235.0,,125.0,168.0,147.0
2016,138.0,,90.0,107.0,81.0
2016,251.0,,128.0,168.0,134.0
2016,188.0,,133.0,166.0,103.0
2016,182.0,,127.0,138.0,104.0
2016,137.0,,102.0,100.0,75.0
2016,202.0,,41.0,76.0,90.0
2016,113.0,,60.0,76.0,57.0
2016,131.0,,74.0,106.0,77.0
2016,136.0,,84.0,90.0,82.0
2016,113.0,,65.0,72.0,78.0
2016,125.0,,69.0,81.0,73.0
2016,118.0,,95.0,105.0,66.0
2016,117.0,,72.0,78.0,68.0
2016,145.0,,59.0,97.0,78.0
2016,5156.0,,3100.0,3977.0,3066.0
2016,2287.0,,1242.0,1645.0,1385.0
2016,1114.0,,616.0,792.0,658.0
2016,122.0,,77.0,80.0,64.0
2016,124.0,,87.0,133.0,74.0
2016,164.0,,123.0,137.0,88.0
2016,180.0,,119.0,132.0,116.0
2016,719.0,,387.0,566.0,434.0
2016,131.0,,83.0,120.0,71.0
2016,249.0,,118.0,185.0,157.0
2016,191.0,,119.0,142.0,110.0
2016,177.0,,103.0,141.0,103.0
2016,207.0,,106.0,155.0,108.0
2016,245.0,,132.0,175.0,152.0
2016,161.0,,89.0,109.0,82.0
2016,435.0,,254.0,337.0,259.0
2016,235.0,,125.0,168.0,147.0
2016,138.0,,90.0,107.0,81.0
2016,251.0,,128.0,168.0,134.0
2016,188.0,,133.0,166.0,103.0
2016,182.0,,127.0,138.0,104.0
2016,202.0,,41.0,76.0,90.0
2016,145.0,,59.0,97.0,78.0
2016,113.0,,60.0,76.0,57.0
2016,131.0,,74.0,106.0,77.0
2016,131.0,,94.0,98.0,65.0
2016,136.0,,84.0,90.0,82.0
2016,212.0,,90.0,140.0,128.0
2016,134.0,,96.0,103.0,80.0
2016,752.0,,420.0,537.0,469.0
2016,1226.0,,599.0,853.0,739.0
2016,748.0,,456.0,653.0,462.0
2016,1043.0,,628.0,772.0,609.0
2016,1113.0,,671.0,858.0,644.0
2016,1191.0,,702.0,902.0,705.0
2016,1061.0,,643.0,792.0,646.0
2016,52.0,,51.0,60.0,33.0
2016,251.0,,175.0,216.0,151.0
2016,62.0,,,37.0,42.0
2016,166.0,,133.0,136.0,94.0
2016,704.0,,284.0,384.0,412.0
2016,159.0,,66.0,92.0,88.0
2016,74.0,,40.0,61.0,45.0
2016,1364.0,,628.0,893.0,780.0
2016,2513.0,,1274.0,1736.0,1519.0
2016,5220.0,,3357.0,4186.0,3097.0
2016,167.0,,78.0,83.0,91.0
2016,121.0,,71.0,95.0,76.0
2016,1170.0,,568.0,816.0,733.0
2016,145.0,,87.0,100.0,81.0
2016,211.0,,112.0,137.0,129.0
2016,49.0,,,33.0,
2016,113.0,,65.0,72.0,78.0
2016,125.0,,69.0,81.0,73.0
2016,118.0,,95.0,105.0,66.0
2016,936.0,,582.0,728.0,513.0
2016,2490.0,,1318.0,1738.0,1473.0
2016,2227.0,,1287.0,1650.0,1302.0
2016,1979.0,,1210.0,1500.0,1122.0
2016,1500.0,,876.0,1190.0,931.0
2016,65.0,,40.0,50.0,39.0
2016,108.0,,78.0,87.0,66.0
2016,107.0,,65.0,95.0,64.0
2016,208.0,,107.0,154.0,116.0
2016,77.0,,43.0,64.0,38.0
2016,1299.0,,616.0,836.0,768.0
2016,408.0,,180.0,308.0,275.0
2016,190.0,,122.0,142.0,124.0
2016,257.0,,140.0,193.0,152.0
2016,270.0,,178.0,198.0,173.0
2016,143.0,,105.0,120.0,92.0
2016,325.0,,168.0,226.0,201.0
2016,210.0,,127.0,164.0,130.0
2016,137.0,,102.0,100.0,75.0
2016,117.0,,66.0,102.0,74.0
2016,105.0,,64.0,72.0,61.0
2016,117.0,,72.0,78.0,68.0
2017,334.0,,173.0,288.0,208.0
2017,97.0,,64.0,65.0,59.0
2017,42.0,,,44.0,30.0
2017,79.0,,47.0,71.0,45.0
2017,97.0,,54.0,72.0,59.0
2017,93.0,,57.0,70.0,48.0
2017,51.0,,47.0,45.0,33.0
2017,67.0,,33.0,50.0,40.0
2017,99.0,,42.0,52.0,51.0
2017,61.0,,44.0,57.0,40.0
2017,97.0,,54.0,77.0,50.0
2017,82.0,,52.0,81.0,56.0
2017,60.0,,33.0,47.0,37.0
2017,121.0,,56.0,95.0,75.0
2017,42.0,,,32.0,31.0
2017,121.0,,55.0,92.0,74.0
2017,52.0,,36.0,43.0,32.0
2017,77.0,,44.0,60.0,48.0
2017,60.0,,41.0,49.0,41.0
2017,116.0,,65.0,67.0,73.0
2017,196.0,,84.0,141.0,126.0
2017,119.0,,52.0,81.0,78.0
2017,102.0,,43.0,82.0,55.0
2017,76.0,,41.0,47.0,42.0
2017,70.0,,49.0,43.0,43.0
2017,74.0,,32.0,57.0,47.0
2017,56.0,,34.0,51.0,34.0
2017,67.0,,38.0,65.0,40.0
2017,51.0,,31.0,44.0,
2017,62.0,,,,35.0
2017,85.0,,55.0,61.0,49.0
2017,142.0,,85.0,102.0,96.0
2017,36.0,,,,
2017,546.0,,303.0,434.0,327.0
2017,43.0,,,,
2017,356.0,,131.0,191.0,188.0
2017,78.0,,38.0,52.0,51.0
2017,2550.0,,1445.0,1990.0,1554.0
2017,1117.0,,570.0,826.0,692.0
2017,126.0,,102.0,139.0,76.0
2017,34.0,,,,
2017,652.0,,290.0,424.0,365.0
2017,45.0,,,,31.0
2017,328.0,,112.0,194.0,174.0
2017,95.0,,47.0,50.0,56.0
2017,103.0,,57.0,87.0,65.0
2017,72.0,,63.0,77.0,44.0
2017,169.0,,90.0,125.0,113.0
2017,101.0,,60.0,81.0,65.0
2017,38.0,,30.0,33.0,
2017,70.0,,60.0,71.0,41.0
2017,33.0,,,,
2017,1203.0,,635.0,876.0,742.0
2017,2461.0,,1592.0,2167.0,1485.0
2017,121.0,,49.0,76.0,66.0
2017,97.0,,60.0,81.0,64.0
2017,89.0,,,35.0,30.0
2017,224.0,,102.0,133.0,132.0
2017,109.0,,67.0,102.0,67.0
2017,64.0,,30.0,43.0,37.0
2017,65.0,,52.0,60.0,37.0
2017,152.0,,91.0,108.0,93.0
2017,85.0,,51.0,68.0,53.0
2017,57.0,,37.0,54.0,36.0
2017,58.0,,,57.0,36.0
2017,63.0,,31.0,44.0,38.0
2017,71.0,,46.0,67.0,48.0
2017,117.0,,68.0,76.0,71.0
2017,72.0,,37.0,48.0,37.0
2017,100.0,,39.0,73.0,57.0
2017,107.0,,57.0,89.0,65.0
2017,60.0,,37.0,33.0,32.0
2017,78.0,,50.0,59.0,39.0
2017,68.0,,41.0,45.0,43.0
2017,528.0,,251.0,376.0,324.0
2017,97.0,,69.0,65.0,64.0
2017,91.0,,51.0,68.0,50.0
2017,61.0,,,34.0,42.0
2017,33.0,,,,
2017,127.0,,102.0,105.0,85.0
2017,39.0,,,,
2017,199.0,,120.0,193.0,129.0
2017,80.0,,51.0,85.0,47.0
2017,40.0,,32.0,,
2017,60.0,,32.0,38.0,35.0
2017,92.0,,62.0,59.0,60.0
2017,130.0,,66.0,86.0,71.0
2017,86.0,,56.0,82.0,59.0
2017,65.0,,62.0,69.0,34.0
2017,80.0,,40.0,60.0,53.0
2017,67.0,,46.0,65.0,35.0
2017,140.0,,92.0,128.0,86.0
2017,37.0,,,40.0,
2017,34.0,,,,
2017,30.0,,,,
2017,32.0,,,,
2017,59.0,,31.0,44.0,
2017,49.0,,34.0,52.0,32.0
2017,75.0,,48.0,48.0,49.0
2017,91.0,,41.0,71.0,55.0
2017,68.0,,46.0,69.0,40.0
2017,82.0,,63.0,75.0,48.0
2017,134.0,,60.0,108.0,78.0
2017,153.0,,93.0,96.0,99.0
2017,119.0,,68.0,90.0,80.0
2017,47.0,,,37.0,30.0
2017,109.0,,51.0,85.0,71.0
2017,58.0,,,33.0,30.0
2017,353.0,,195.0,304.0,219.0
2017,51.0,,30.0,33.0,37.0
2017,33.0,,,,
2017,136.0,,51.0,84.0,76.0
2017,32.0,,,,
2017,87.0,,48.0,63.0,50.0
2017,60.0,,41.0,66.0,35.0
2017,49.0,,,41.0,
2017,45.0,,,38.0,
2017,149.0,,91.0,144.0,85.0
2017,129.0,,59.0,97.0,78.0
2017,71.0,,49.0,48.0,49.0
2017,32.0,,,,
2017,174.0,,94.0,162.0,114.0
2017,81.0,,66.0,86.0,50.0
2017,124.0,,62.0,95.0,82.0
2017,37.0,,,,
2017,49.0,,,,
2017,177.0,,85.0,144.0,106.0
2017,66.0,,36.0,50.0,50.0
2017,69.0,,,43.0,39.0
2017,57.0,,,,31.0
2017,77.0,,57.0,69.0,52.0
2017,555.0,,288.0,378.0,328.0
2017,343.0,,202.0,280.0,226.0
2017,38.0,,,41.0,
2017,33.0,,,,
2017,37.0,,,36.0,
2017,46.0,,,39.0,
2017,37.0,,,,
2017,46.0,,33.0,33.0,
2017,48.0,,,,
2017,35.0,,,,
2017,57.0,,36.0,34.0,30.0
2017,42.0,,,,
2017,60.0,,31.0,47.0,35.0
2017,113.0,,63.0,60.0,64.0
2017,251.0,,145.0,203.0,163.0
2017,48.0,,37.0,40.0,
2017,48.0,,,39.0,
2017,46.0,,,,31.0
2017,50.0,,,31.0,
2017,38.0,,,,
2017,54.0,,,,31.0
2017,47.0,,,,
2017,33.0,,,,
2017,39.0,,,,
2017,38.0,,,30.0,
2017,67.0,,,,37.0
2017,175.0,,91.0,136.0,113.0
2017,43.0,,,37.0,30.0
2017,59.0,,,,33.0
2017,38.0,,,38.0,
2017,46.0,,,37.0,
2017,41.0,,,34.0,
2017,46.0,,,30.0,30.0
2017,50.0,,,39.0,33.0
2017,85.0,,43.0,78.0,50.0
2017,33.0,,,,
2017,32.0,,,,
2017,45.0,,,39.0,36.0
2017,33.0,,,,
2017,39.0,,,,
2017,53.0,,41.0,49.0,36.0
2017,,,30.0,,
2017,45.0,,,52.0,31.0
2017,120.0,,53.0,85.0,73.0
2017,241.0,,122.0,166.0,158.0
2017,30.0,,,,
2017,64.0,,30.0,37.0,50.0
2017,57.0,,,40.0,
2017,975.0,,626.0,934.0,586.0
2017,184.0,,80.0,130.0,102.0
2017,47.0,,,34.0,
2017,91.0,,41.0,69.0,43.0
2017,158.0,,45.0,94.0,81.0
2017,47.0,,,36.0,
2017,76.0,,39.0,51.0,43.0
2017,48.0,,,31.0,36.0
2017,46.0,,31.0,37.0,30.0
2017,,,,32.0,
2017,145.0,,89.0,133.0,90.0
2017,35.0,,,,
2017,40.0,,,34.0,
2017,37.0,,,,
2017,46.0,,,,31.0
2017,50.0,,33.0,37.0,
2017,79.0,,,,53.0
2017,81.0,,42.0,47.0,57.0
2017,69.0,,31.0,45.0,41.0
2017,30.0,,,,
2017,36.0,,,,
2017,30.0,,,,
2017,40.0,,,,
2017,50.0,,37.0,49.0,32.0
2017,30.0,,,,
2017,1025.0,,719.0,1007.0,645.0
2017,45.0,,,,
2017,230.0,,105.0,147.0,137.0
2017,45.0,,33.0,36.0,34.0
2017,130.0,,64.0,97.0,94.0
2017,41.0,,,,
2017,38.0,,,45.0,
2017,62.0,,,45.0,41.0
2017,35.0,,,,
2017,30.0,,32.0,34.0,
2017,74.0,,,44.0,45.0
2017,41.0,,,41.0,
2017,35.0,,,,
2017,35.0,,,42.0,
2017,35.0,,,,
2017,37.0,,,,
2017,,,30.0,,
2017,42.0,,,33.0,
2017,,,,37.0,
2017,46.0,,,33.0,31.0
2017,58.0,,,,
2017,34.0,,,,
2017,40.0,,,32.0,
2017,39.0,,,,
2017,87.0,,46.0,89.0,49.0
2017,46.0,,,49.0,
2017,34.0,,,35.0,
2017,186.0,,84.0,131.0,97.0
2017,68.0,,,54.0,35.0
2017,32.0,,,,
2017,33.0,,,37.0,
2017,45.0,,,33.0,
2017,,,,30.0,
2017,58.0,,34.0,44.0,41.0
2017,60.0,,,40.0,32.0
2017,51.0,,,40.0,
2017,68.0,,42.0,50.0,48.0
2017,31.0,,,,
2017,,,,39.0,
2017,37.0,,,,
2017,41.0,,,,
2017,32.0,,,,
2017,48.0,,,,
2017,39.0,,,,
2017,35.0,,,,
2017,52.0,,,38.0,34.0
2017,43.0,,,,
2017,43.0,,,35.0,
2017,64.0,,39.0,40.0,34.0
2017,33.0,,,31.0,
2017,38.0,,,,
2017,44.0,,,,
2017,94.0,,54.0,67.0,61.0
2017,35.0,,,,
2017,88.0,,35.0,61.0,58.0
2017,46.0,,30.0,31.0,
2017,41.0,,,33.0,
2017,65.0,,37.0,63.0,31.0
2017,46.0,,,,
2017,175.0,,83.0,107.0,97.0
2017,39.0,,,,
2017,,,,31.0,
2017,37.0,,,33.0,
2017,43.0,,,31.0,
2017,40.0,,,,
2017,39.0,,,38.0,
2017,140.0,,85.0,113.0,88.0
2017,32.0,,,,
2017,35.0,,,,
2017,49.0,,,44.0,
2017,32.0,,,,
2017,45.0,,,53.0,30.0
2017,39.0,,,30.0,
2017,63.0,,35.0,53.0,35.0
2017,385.0,,152.0,223.0,223.0
2017,177.0,,81.0,120.0,103.0
2017,1087.0,,585.0,843.0,658.0
2017,1101.0,,674.0,859.0,665.0
2017,1023.0,,573.0,796.0,629.0
2017,718.0,,387.0,625.0,413.0
2017,869.0,,515.0,725.0,530.0
2017,1045.0,,574.0,773.0,631.0
2017,944.0,,550.0,765.0,583.0
2017,1201.0,,600.0,814.0,712.0
2017,62.0,,37.0,68.0,41.0
2017,57.0,,35.0,59.0,31.0
2017,102.0,,50.0,58.0,65.0
2017,103.0,,54.0,76.0,62.0
2017,71.0,,64.0,70.0,42.0
2017,37.0,,30.0,31.0,
2017,1183.0,,568.0,765.0,733.0
2017,97.0,,67.0,73.0,64.0
2017,776.0,,455.0,664.0,452.0
2017,31.0,,,,
2017,36.0,,,,
2017,65.0,,31.0,,41.0
2017,134.0,,60.0,103.0,87.0
2017,79.0,,40.0,71.0,51.0
2017,30.0,,,,
2017,38.0,,,,
2017,39.0,,,,
2017,43.0,,,,31.0
2017,30.0,,,,
2017,43.0,,,,
2017,32.0,,,,
2017,,,,31.0,
2017,55.0,,,34.0,30.0
2017,122.0,,53.0,89.0,84.0
2017,38.0,,,,
2017,32.0,,,,
2017,89.0,,37.0,73.0,55.0
2017,65.0,,32.0,50.0,40.0
2017,104.0,,52.0,73.0,69.0
2017,55.0,,30.0,44.0,
2017,94.0,,80.0,82.0,65.0
2017,47.0,,,45.0,30.0
2017,58.0,,39.0,50.0,33.0
2017,61.0,,40.0,43.0,33.0
2017,101.0,,58.0,94.0,66.0
2017,88.0,,36.0,87.0,47.0
2017,81.0,,53.0,61.0,50.0
2017,79.0,,,53.0,43.0
2017,88.0,,57.0,92.0,49.0
2017,228.0,,133.0,182.0,129.0
2017,94.0,,,30.0,35.0
2017,61.0,,,35.0,39.0
2017,148.0,,101.0,109.0,96.0
2017,45.0,,,51.0,
2017,79.0,,63.0,87.0,53.0
2017,52.0,,40.0,52.0,37.0
2017,59.0,,42.0,55.0,36.0
2017,49.0,,,30.0,
2017,98.0,,69.0,117.0,60.0
2017,65.0,,49.0,43.0,47.0
2017,76.0,,57.0,56.0,50.0
2017,116.0,,62.0,105.0,77.0
2017,61.0,,40.0,67.0,37.0
2017,121.0,,56.0,77.0,75.0
2017,200.0,,87.0,143.0,119.0
2017,111.0,,54.0,68.0,60.0
2017,100.0,,55.0,81.0,69.0
2017,51.0,,,54.0,
2017,59.0,,38.0,47.0,36.0
2017,58.0,,38.0,42.0,38.0
2017,88.0,,46.0,48.0,46.0
2017,31.0,,,,
2017,50.0,,40.0,48.0,34.0
2017,40.0,,,41.0,
2017,34.0,,,,
2017,61.0,,,34.0,35.0
2017,1494.0,,842.0,1289.0,865.0
2017,1813.0,,1065.0,1490.0,1113.0
2017,2132.0,,1159.0,1616.0,1289.0
2017,2302.0,,1274.0,1673.0,1377.0
2017,2206.0,,1141.0,1561.0,1362.0
2017,157.0,,36.0,79.0,85.0
2017,42.0,,,43.0,
2017,33.0,,,,
2017,98.0,,38.0,69.0,54.0
2017,77.0,,31.0,52.0,58.0
2017,,,,34.0,
2017,36.0,,,,
2017,33.0,,,,
2017,37.0,,,30.0,
2017,42.0,,,,30.0
2017,389.0,,175.0,283.0,234.0
2017,574.0,,384.0,503.0,361.0
2017,99.0,,57.0,54.0,55.0
2017,39.0,,,,
2017,1094.0,,678.0,919.0,661.0
2017,555.0,,244.0,353.0,348.0
2017,62.0,,32.0,67.0,41.0
2017,203.0,,118.0,148.0,120.0
2017,55.0,,34.0,44.0,36.0
2017,126.0,,46.0,66.0,57.0
2017,622.0,,345.0,493.0,400.0
2017,54.0,,52.0,48.0,36.0
2017,338.0,,178.0,238.0,192.0
2017,144.0,,59.0,92.0,84.0
2017,34.0,,31.0,,
2017,897.0,,453.0,579.0,556.0
2017,1020.0,,561.0,718.0,591.0
2017,34.0,,,35.0,
2017,94.0,,44.0,53.0,53.0
2017,68.0,,48.0,55.0,41.0
2017,33.0,,,,
2017,45.0,,,46.0,
2017,31.0,,,,
2017,33.0,,,,
2017,88.0,,46.0,62.0,43.0
2017,53.0,,33.0,45.0,36.0
2017,119.0,,69.0,77.0,74.0
2017,41.0,,,,
2017,81.0,,39.0,54.0,44.0
2017,72.0,,37.0,58.0,47.0
2017,41.0,,,,
2017,36.0,,,,
2017,46.0,,,31.0,32.0
2017,103.0,,53.0,68.0,66.0
2017,31.0,,,,
2017,65.0,,30.0,51.0,43.0
2017,33.0,,,,
2017,30.0,,,,
2017,47.0,,,33.0,
2017,48.0,,31.0,36.0,
2017,127.0,,52.0,79.0,71.0
2017,33.0,,,,
2017,90.0,,47.0,68.0,61.0
2017,33.0,,,,
2017,45.0,,,37.0,
2017,30.0,,,,
2017,48.0,,32.0,37.0,
2017,117.0,,85.0,100.0,76.0
2017,66.0,,49.0,62.0,39.0
2017,41.0,,,,30.0
2017,38.0,,,,
2017,31.0,,,,
2017,,,,30.0,
2017,85.0,,44.0,68.0,52.0
2017,104.0,,78.0,83.0,64.0
2017,104.0,,86.0,87.0,67.0
2017,59.0,,,,30.0
2017,64.0,,30.0,37.0,50.0
2017,47.0,,,36.0,
2017,57.0,,,40.0,
2017,975.0,,626.0,934.0,586.0
2017,184.0,,80.0,130.0,102.0
2017,47.0,,,34.0,
2017,91.0,,41.0,69.0,43.0
2017,158.0,,45.0,94.0,81.0
2017,1025.0,,719.0,1007.0,645.0
2017,385.0,,152.0,223.0,223.0
2017,241.0,,122.0,166.0,158.0
2017,50.0,,40.0,48.0,34.0
2017,99.0,,57.0,54.0,55.0
2017,39.0,,,,
2017,1094.0,,678.0,919.0,661.0
2017,555.0,,244.0,353.0,348.0
2017,62.0,,32.0,67.0,41.0
2017,203.0,,118.0,148.0,120.0
2017,126.0,,46.0,66.0,57.0
2017,1020.0,,561.0,718.0,591.0
2017,622.0,,345.0,493.0,400.0
2017,54.0,,52.0,48.0,36.0
2017,177.0,,81.0,120.0,103.0
2017,120.0,,53.0,85.0,73.0
2017,45.0,,,52.0,31.0
2017,,,30.0,,
2017,45.0,,,39.0,36.0
2017,33.0,,,,
2017,,,,32.0,
2017,145.0,,89.0,133.0,90.0
2017,35.0,,,,
2017,40.0,,,34.0,
2017,37.0,,,,
2017,46.0,,,,31.0
2017,50.0,,33.0,37.0,
2017,79.0,,,,53.0
2017,81.0,,42.0,47.0,57.0
2017,69.0,,31.0,45.0,41.0
2017,30.0,,,,
2017,36.0,,,,
2017,30.0,,,,
2017,40.0,,,,
2017,50.0,,37.0,49.0,32.0
2017,46.0,,31.0,37.0,30.0
2017,48.0,,,31.0,36.0
2017,76.0,,39.0,51.0,43.0
2017,30.0,,,,
2017,39.0,,,,
2017,53.0,,41.0,49.0,36.0
2017,338.0,,178.0,238.0,192.0
2017,144.0,,59.0,92.0,84.0
2017,34.0,,31.0,,
2017,897.0,,453.0,579.0,556.0
2017,60.0,,41.0,66.0,35.0
2017,49.0,,,41.0,
2017,45.0,,,38.0,
2017,149.0,,91.0,144.0,85.0
2017,71.0,,49.0,48.0,49.0
2017,77.0,,57.0,69.0,52.0
2017,32.0,,,,
2017,174.0,,94.0,162.0,114.0
2017,81.0,,66.0,86.0,50.0
2017,124.0,,62.0,95.0,82.0
2017,37.0,,,,
2017,49.0,,,,
2017,177.0,,85.0,144.0,106.0
2017,66.0,,36.0,50.0,50.0
2017,69.0,,,43.0,39.0
2017,57.0,,,,31.0
2017,58.0,,,33.0,30.0
2017,129.0,,59.0,97.0,78.0
2017,109.0,,51.0,85.0,71.0
2017,37.0,,,40.0,
2017,80.0,,51.0,85.0,47.0
2017,40.0,,32.0,,
2017,60.0,,32.0,38.0,35.0
2017,87.0,,48.0,63.0,50.0
2017,32.0,,,,
2017,32.0,,,,
2017,33.0,,,,
2017,574.0,,384.0,503.0,361.0
2017,55.0,,34.0,44.0,36.0
2017,389.0,,175.0,283.0,234.0
2017,157.0,,36.0,79.0,85.0
2017,61.0,,,34.0,35.0
2017,1494.0,,842.0,1289.0,865.0
2017,1813.0,,1065.0,1490.0,1113.0
2017,2132.0,,1159.0,1616.0,1289.0
2017,2302.0,,1274.0,1673.0,1377.0
2017,2206.0,,1141.0,1561.0,1362.0
2017,103.0,,57.0,87.0,65.0
2017,72.0,,63.0,77.0,44.0
2017,169.0,,90.0,125.0,113.0
2017,101.0,,60.0,81.0,65.0
2017,38.0,,30.0,33.0,
2017,70.0,,60.0,71.0,41.0
2017,33.0,,,,
2017,71.0,,46.0,67.0,48.0
2017,127.0,,102.0,105.0,85.0
2017,39.0,,,,
2017,199.0,,120.0,193.0,129.0
2017,353.0,,195.0,304.0,219.0
2017,51.0,,30.0,33.0,37.0
2017,136.0,,51.0,84.0,76.0
2017,92.0,,62.0,59.0,60.0
2017,50.0,,,31.0,
2017,48.0,,37.0,40.0,
2017,35.0,,,,
2017,35.0,,,42.0,
2017,35.0,,,,
2017,37.0,,,,
2017,,,30.0,,
2017,,,,37.0,
2017,68.0,,42.0,50.0,48.0
2017,31.0,,,,
2017,,,,39.0,
2017,65.0,,37.0,63.0,31.0
2017,41.0,,,41.0,
2017,46.0,,,,
2017,39.0,,,,
2017,,,,31.0,
2017,37.0,,,33.0,
2017,43.0,,,31.0,
2017,40.0,,,,
2017,39.0,,,38.0,
2017,140.0,,85.0,113.0,88.0
2017,32.0,,,,
2017,35.0,,,,
2017,49.0,,,44.0,
2017,175.0,,83.0,107.0,97.0
2017,42.0,,,33.0,
2017,74.0,,,44.0,45.0
2017,35.0,,,,
2017,34.0,,,,
2017,40.0,,,32.0,
2017,39.0,,,,
2017,87.0,,46.0,89.0,49.0
2017,46.0,,,49.0,
2017,34.0,,,35.0,
2017,68.0,,,54.0,35.0
2017,51.0,,,40.0,
2017,32.0,,,,
2017,33.0,,,37.0,
2017,45.0,,,33.0,
2017,,,,30.0,
2017,58.0,,34.0,44.0,41.0
2017,60.0,,,40.0,32.0
2017,58.0,,,,
2017,186.0,,84.0,131.0,97.0
2017,46.0,,,33.0,31.0
2017,30.0,,32.0,34.0,
2017,45.0,,33.0,36.0,34.0
2017,130.0,,64.0,97.0,94.0
2017,41.0,,,,
2017,38.0,,,45.0,
2017,62.0,,,45.0,41.0
2017,32.0,,,,
2017,45.0,,,53.0,30.0
2017,41.0,,,33.0,
2017,46.0,,30.0,31.0,
2017,33.0,,,,
2017,38.0,,,38.0,
2017,46.0,,,37.0,
2017,41.0,,,34.0,
2017,46.0,,,30.0,30.0
2017,30.0,,,33.0,
2017,85.0,,43.0,78.0,50.0
2017,54.0,,,,31.0
2017,43.0,,,37.0,30.0
2017,38.0,,,,
2017,35.0,,,,
2017,33.0,,,,
2017,37.0,,,36.0,
2017,46.0,,,39.0,
2017,37.0,,,,
2017,46.0,,33.0,33.0,
2017,48.0,,,,
2017,57.0,,36.0,34.0,30.0
2017,46.0,,,,31.0
2017,42.0,,,,
2017,60.0,,31.0,47.0,35.0
2017,113.0,,63.0,60.0,64.0
2017,251.0,,145.0,203.0,163.0
2017,59.0,,,,33.0
2017,48.0,,,39.0,
2017,175.0,,91.0,136.0,113.0
2017,38.0,,,30.0,
2017,88.0,,35.0,61.0,58.0
2017,52.0,,,38.0,34.0
2017,37.0,,,,
2017,41.0,,,,
2017,32.0,,,,
2017,48.0,,,,
2017,39.0,,,,
2017,35.0,,,,
2017,43.0,,,,
2017,35.0,,,,
2017,43.0,,,35.0,
2017,64.0,,39.0,40.0,34.0
2017,33.0,,,31.0,
2017,38.0,,,,
2017,44.0,,,,
2017,94.0,,54.0,67.0,61.0
2017,230.0,,105.0,147.0,137.0
2017,39.0,,,30.0,
2017,45.0,,,,
2017,30.0,,,,
2017,47.0,,,,
2017,33.0,,,,
2017,39.0,,,,
2017,67.0,,,,37.0
2017,130.0,,66.0,86.0,71.0
2017,50.0,,,39.0,33.0
2017,65.0,,62.0,69.0,34.0
2017,85.0,,48.0,78.0,51.0
2017,123.0,,46.0,61.0,74.0
2017,183.0,,46.0,65.0,65.0
2017,452.0,,235.0,315.0,261.0
2017,197.0,,124.0,194.0,116.0
2017,143.0,,57.0,96.0,80.0
2017,146.0,,105.0,121.0,87.0
2017,300.0,,192.0,217.0,189.0
2017,173.0,,87.0,155.0,100.0
2017,131.0,,76.0,98.0,78.0
2017,118.0,,77.0,97.0,69.0
2017,110.0,,57.0,89.0,68.0
2017,211.0,,148.0,158.0,136.0
2017,59.0,,35.0,58.0,36.0
2017,127.0,,67.0,92.0,66.0
2017,204.0,,91.0,146.0,126.0
2017,208.0,,115.0,183.0,131.0
2017,105.0,,65.0,84.0,60.0
2017,157.0,,113.0,146.0,92.0
2017,108.0,,74.0,103.0,71.0
2017,116.0,,68.0,107.0,69.0
2017,1083.0,,539.0,754.0,652.0
2017,194.0,,129.0,146.0,128.0
2017,188.0,,105.0,145.0,100.0
2017,268.0,,187.0,241.0,172.0
2017,70.0,,38.0,49.0,46.0
2017,53.0,,,43.0,32.0
2017,1198.0,,593.0,858.0,692.0
2017,88.0,,34.0,43.0,59.0
2017,684.0,,243.0,385.0,362.0
2017,173.0,,85.0,102.0,107.0
2017,42.0,,,,34.0
2017,9947.0,,5481.0,7629.0,6006.0
2017,42.0,,,,34.0
2017,173.0,,85.0,102.0,107.0
2017,684.0,,243.0,385.0,362.0
2017,88.0,,34.0,43.0,59.0
2017,1198.0,,593.0,858.0,692.0
2017,53.0,,,43.0,32.0
2017,70.0,,38.0,49.0,46.0
2017,268.0,,187.0,241.0,172.0
2017,2320.0,,1205.0,1702.0,1434.0
2017,5011.0,,3037.0,4157.0,3039.0
2017,214.0,,106.0,146.0,114.0
2017,122.0,,70.0,91.0,82.0
2017,162.0,,78.0,105.0,93.0
2017,2320.0,,1205.0,1702.0,1434.0
2017,128.0,,87.0,85.0,81.0
2017,202.0,,98.0,163.0,124.0
2017,61.0,,35.0,47.0,30.0
2017,34.0,,,,
2017,123.0,,92.0,93.0,82.0
2017,160.0,,65.0,91.0,90.0
2017,38.0,,,,
2017,565.0,,271.0,362.0,345.0
2017,241.0,,140.0,214.0,143.0
2017,44.0,,,,
2017,75.0,,48.0,60.0,48.0
2017,87.0,,53.0,67.0,52.0
2017,41.0,,31.0,50.0,
2017,44.0,,,,
2017,65.0,,,36.0,31.0
2017,76.0,,,,
2017,93.0,,34.0,65.0,47.0
2017,167.0,,82.0,98.0,110.0
2017,163.0,,96.0,138.0,86.0
2017,77.0,,41.0,64.0,49.0
2017,79.0,,57.0,80.0,36.0
2017,86.0,,56.0,82.0,59.0
2017,39.0,,,,
2017,40.0,,,43.0,31.0
2017,36.0,,,,
2017,127.0,,63.0,90.0,70.0
2017,230.0,,106.0,149.0,138.0
2017,396.0,,171.0,284.0,245.0
2017,237.0,,121.0,144.0,148.0
2017,121.0,,81.0,116.0,78.0
2017,237.0,,118.0,200.0,152.0
2017,153.0,,101.0,116.0,98.0
2017,117.0,,85.0,86.0,79.0
2017,219.0,,124.0,209.0,134.0
2017,91.0,,39.0,62.0,59.0
2017,126.0,,80.0,120.0,76.0
2017,125.0,,65.0,97.0,77.0
2017,188.0,,79.0,125.0,106.0
2017,677.0,,375.0,568.0,434.0
2017,194.0,,131.0,138.0,123.0
2017,79.0,,57.0,75.0,53.0
2017,150.0,,111.0,141.0,87.0
2017,200.0,,108.0,148.0,121.0
2017,184.0,,102.0,139.0,121.0
2017,108.0,,82.0,104.0,64.0
2017,129.0,,70.0,118.0,81.0
2017,63.0,,33.0,46.0,31.0
2017,102.0,,58.0,98.0,55.0
2017,5011.0,,3037.0,4157.0,3039.0
2017,135.0,,79.0,94.0,78.0
2017,122.0,,70.0,91.0,82.0
2017,44.0,,,,
2017,39.0,,,,
2017,41.0,,31.0,50.0,
2017,75.0,,48.0,60.0,48.0
2017,241.0,,140.0,214.0,143.0
2017,565.0,,271.0,362.0,345.0
2017,38.0,,,,
2017,160.0,,65.0,91.0,90.0
2017,123.0,,92.0,93.0,82.0
2017,34.0,,,,
2017,61.0,,35.0,47.0,30.0
2017,65.0,,,36.0,31.0
2017,87.0,,53.0,67.0,52.0
2017,36.0,,,,
2017,127.0,,63.0,90.0,70.0
2017,63.0,,33.0,46.0,31.0
2017,129.0,,70.0,118.0,81.0
2017,108.0,,82.0,104.0,64.0
2017,184.0,,102.0,139.0,121.0
2017,200.0,,108.0,148.0,121.0
2017,150.0,,111.0,141.0,87.0
2017,79.0,,57.0,75.0,53.0
2017,194.0,,131.0,138.0,123.0
2017,677.0,,375.0,568.0,434.0
2017,40.0,,,43.0,31.0
2017,76.0,,,,
2017,93.0,,34.0,65.0,47.0
2017,167.0,,82.0,98.0,110.0
2017,80.0,,40.0,60.0,53.0
2017,214.0,,106.0,146.0,114.0
2017,67.0,,46.0,65.0,35.0
2017,140.0,,92.0,128.0,86.0
2017,34.0,,,,
2017,119.0,,68.0,90.0,80.0
2017,30.0,,,,
2017,32.0,,,,
2017,59.0,,31.0,44.0,
2017,49.0,,34.0,52.0,32.0
2017,104.0,,86.0,87.0,67.0
2017,75.0,,48.0,48.0,49.0
2017,91.0,,41.0,71.0,55.0
2017,68.0,,46.0,69.0,40.0
2017,82.0,,63.0,75.0,48.0
2017,134.0,,60.0,108.0,78.0
2017,153.0,,93.0,96.0,99.0
2017,85.0,,55.0,61.0,49.0
2017,32.0,,,,
2017,104.0,,78.0,83.0,64.0
2017,30.0,,,33.0,
2017,59.0,,,,30.0
2017,79.0,,57.0,80.0,36.0
2017,77.0,,41.0,64.0,49.0
2017,163.0,,96.0,138.0,86.0
2017,188.0,,79.0,125.0,106.0
2017,125.0,,65.0,97.0,77.0
2017,44.0,,,,
2017,91.0,,39.0,62.0,59.0
2017,211.0,,148.0,158.0,136.0
2017,110.0,,57.0,89.0,68.0
2017,116.0,,68.0,107.0,69.0
2017,118.0,,77.0,97.0,69.0
2017,173.0,,87.0,155.0,100.0
2017,300.0,,192.0,217.0,189.0
2017,146.0,,105.0,121.0,87.0
2017,143.0,,57.0,96.0,80.0
2017,197.0,,124.0,194.0,116.0
2017,452.0,,235.0,315.0,261.0
2017,183.0,,46.0,65.0,65.0
2017,126.0,,80.0,120.0,76.0
2017,85.0,,48.0,78.0,51.0
2017,131.0,,76.0,98.0,78.0
2017,1083.0,,539.0,754.0,652.0
2017,194.0,,129.0,146.0,128.0
2017,188.0,,105.0,145.0,100.0
2017,59.0,,35.0,58.0,36.0
2017,127.0,,67.0,92.0,66.0
2017,123.0,,46.0,61.0,74.0
2017,208.0,,115.0,183.0,131.0
2017,396.0,,171.0,284.0,245.0
2017,237.0,,121.0,144.0,148.0
2017,121.0,,81.0,116.0,78.0
2017,237.0,,118.0,200.0,152.0
2017,153.0,,101.0,116.0,98.0
2017,117.0,,85.0,86.0,79.0
2017,204.0,,91.0,146.0,126.0
2017,202.0,,98.0,163.0,124.0
2017,219.0,,124.0,209.0,134.0
2017,230.0,,106.0,149.0,138.0
2017,105.0,,65.0,84.0,60.0
2017,157.0,,113.0,146.0,92.0
2017,135.0,,79.0,94.0,78.0
2017,108.0,,74.0,103.0,71.0
2017,162.0,,78.0,105.0,93.0
2017,102.0,,58.0,98.0,55.0
2017,128.0,,87.0,85.0,81.0
2018,2219.0,,1125.0,1510.0,1344.0
2018,71.0,,38.0,49.0,50.0
2018,50.0,,,34.0,34.0
2018,36.0,,,,
2018,35.0,,,,
2018,47.0,,,36.0,
2018,31.0,,,,
2018,41.0,,,33.0,
2018,39.0,,,,
2018,85.0,,44.0,59.0,45.0
2018,35.0,,,,
2018,35.0,,,,
2018,108.0,,68.0,92.0,60.0
2018,48.0,,,,
2018,30.0,,,,
2018,31.0,,,,
2018,30.0,,,,
2018,46.0,,,,
2018,34.0,,,,
2018,97.0,,45.0,69.0,65.0
2018,122.0,,55.0,83.0,62.0
2018,46.0,,,30.0,
2018,35.0,,,36.0,
2018,38.0,,,,
2018,30.0,,,,
2018,33.0,,,,
2018,87.0,,46.0,53.0,55.0
2018,2267.0,,1234.0,1657.0,1396.0
2018,114.0,,46.0,62.0,69.0
2018,,,,30.0,
2018,2043.0,,1197.0,1553.0,1159.0
2018,40.0,,,,
2018,1444.0,,942.0,1201.0,874.0
2018,81.0,,47.0,53.0,48.0
2018,197.0,,118.0,140.0,120.0
2018,71.0,,44.0,42.0,51.0
2018,538.0,,245.0,324.0,296.0
2018,1024.0,,703.0,889.0,573.0
2018,138.0,,69.0,78.0,75.0
2018,165.0,,73.0,93.0,92.0
2018,63.0,,39.0,57.0,41.0
2018,379.0,,158.0,234.0,249.0
2018,1045.0,,769.0,984.0,630.0
2018,124.0,,76.0,75.0,57.0
2018,88.0,,51.0,44.0,53.0
2018,45.0,,34.0,41.0,30.0
2018,206.0,,91.0,122.0,111.0
2018,945.0,,666.0,894.0,599.0
2018,56.0,,,39.0,37.0
2018,45.0,,,,
2018,50.0,,,37.0,33.0
2018,180.0,,36.0,71.0,98.0
2018,377.0,,183.0,253.0,230.0
2018,54.0,,35.0,38.0,36.0
2018,583.0,,394.0,523.0,355.0
2018,891.0,,404.0,536.0,543.0
2018,1879.0,,1135.0,1473.0,1139.0
2018,123.0,,53.0,69.0,67.0
2018,59.0,,43.0,51.0,38.0
2018,653.0,,342.0,497.0,411.0
2018,1019.0,,578.0,718.0,609.0
2018,35.0,,,,
2018,58.0,,,,39.0
2018,112.0,,43.0,79.0,59.0
2018,294.0,,160.0,236.0,194.0
2018,39.0,,,,
2018,654.0,,457.0,563.0,390.0
2018,30.0,,,,
2018,34.0,,,,
2018,51.0,,,45.0,
2018,106.0,,72.0,77.0,61.0
2018,39.0,,,,
2018,34.0,,,,
2018,790.0,,485.0,638.0,484.0
2018,980.0,,585.0,744.0,612.0
2018,1085.0,,614.0,813.0,629.0
2018,1109.0,,627.0,833.0,673.0
2018,1013.0,,579.0,762.0,617.0
2018,899.0,,550.0,729.0,527.0
2018,958.0,,583.0,740.0,530.0
2018,213.0,,140.0,177.0,119.0
2018,1158.0,,607.0,824.0,723.0
2018,33.0,,,,
2018,1206.0,,546.0,748.0,727.0
2018,59.0,,48.0,47.0,37.0
2018,62.0,,56.0,70.0,36.0
2018,94.0,,61.0,64.0,56.0
2018,77.0,,45.0,63.0,51.0
2018,40.0,,31.0,42.0,
2018,126.0,,75.0,78.0,78.0
2018,386.0,,200.0,258.0,252.0
2018,99.0,,51.0,64.0,62.0
2018,43.0,,39.0,42.0,
2018,71.0,,32.0,54.0,43.0
2018,36.0,,,35.0,
2018,108.0,,76.0,93.0,62.0
2018,73.0,,45.0,60.0,49.0
2018,65.0,,59.0,64.0,50.0
2018,49.0,,40.0,46.0,31.0
2018,49.0,,,,31.0
2018,49.0,,,,31.0
2018,39.0,,,,
2018,64.0,,34.0,35.0,32.0
2018,107.0,,68.0,100.0,58.0
2018,33.0,,,36.0,
2018,43.0,,,,
2018,40.0,,,,
2018,85.0,,45.0,45.0,41.0
2018,56.0,,33.0,34.0,30.0
2018,40.0,,,,
2018,33.0,,,,
2018,31.0,,,,
2018,102.0,,36.0,64.0,63.0
2018,78.0,,42.0,54.0,43.0
2018,40.0,,,,
2018,31.0,,,,
2018,34.0,,,,
2018,54.0,,,32.0,30.0
2018,30.0,,,,
2018,90.0,,35.0,61.0,56.0
2018,31.0,,,,
2018,31.0,,,,
2018,32.0,,,,
2018,34.0,,,,
2018,39.0,,,,
2018,39.0,,,36.0,
2018,36.0,,,,
2018,50.0,,,,31.0
2018,125.0,,47.0,91.0,82.0
2018,90.0,,43.0,66.0,53.0
2018,38.0,,,,
2018,61.0,,,34.0,34.0
2018,119.0,,52.0,78.0,70.0
2018,35.0,,,,30.0
2018,68.0,,45.0,48.0,40.0
2018,115.0,,57.0,80.0,60.0
2018,32.0,,,,
2018,45.0,,39.0,48.0,
2018,31.0,,,36.0,
2018,34.0,,,,
2018,43.0,,,,
2018,44.0,,,,
2018,31.0,,,,
2018,37.0,,,,
2018,216.0,,82.0,126.0,132.0
2018,42.0,,,,
2018,39.0,,,,
2018,38.0,,,,
2018,32.0,,,38.0,
2018,46.0,,,,
2018,51.0,,,34.0,37.0
2018,43.0,,,,
2018,165.0,,88.0,107.0,98.0
2018,45.0,,,37.0,
2018,37.0,,,,
2018,41.0,,,31.0,
2018,52.0,,34.0,38.0,34.0
2018,33.0,,,,
2018,49.0,,36.0,,31.0
2018,66.0,,36.0,47.0,42.0
2018,33.0,,,,
2018,53.0,,,32.0,31.0
2018,,,,30.0,
2018,37.0,,,43.0,
2018,47.0,,,,
2018,41.0,,,37.0,
2018,59.0,,,41.0,31.0
2018,31.0,,,,
2018,42.0,,35.0,53.0,
2018,37.0,,,,
2018,36.0,,,34.0,
2018,31.0,,,31.0,
2018,36.0,,,,
2018,83.0,,46.0,70.0,55.0
2018,35.0,,30.0,39.0,
2018,35.0,,,,
2018,84.0,,37.0,60.0,44.0
2018,71.0,,,48.0,37.0
2018,34.0,,,,
2018,37.0,,,38.0,
2018,57.0,,38.0,43.0,
2018,59.0,,37.0,41.0,43.0
2018,,,,33.0,
2018,60.0,,44.0,43.0,37.0
2018,33.0,,,,
2018,47.0,,,,
2018,170.0,,89.0,104.0,86.0
2018,90.0,,64.0,81.0,50.0
2018,,,,32.0,
2018,48.0,,38.0,,32.0
2018,40.0,,38.0,32.0,
2018,127.0,,71.0,83.0,80.0
2018,30.0,,,,
2018,50.0,,31.0,39.0,
2018,38.0,,,32.0,
2018,35.0,,,,
2018,87.0,,37.0,62.0,49.0
2018,38.0,,,,
2018,37.0,,,38.0,
2018,31.0,,,34.0,
2018,34.0,,,,
2018,,,,35.0,
2018,75.0,,,58.0,48.0
2018,,,31.0,,
2018,63.0,,,32.0,38.0
2018,48.0,,,42.0,
2018,98.0,,40.0,52.0,58.0
2018,30.0,,,,
2018,233.0,,115.0,183.0,142.0
2018,44.0,,,33.0,32.0
2018,37.0,,46.0,40.0,
2018,48.0,,,31.0,30.0
2018,49.0,,,,
2018,34.0,,,,
2018,171.0,,90.0,119.0,101.0
2018,44.0,,,,
2018,39.0,,,30.0,
2018,48.0,,,40.0,
2018,68.0,,37.0,58.0,48.0
2018,45.0,,,31.0,38.0
2018,42.0,,,,
2018,77.0,,32.0,35.0,52.0
2018,110.0,,41.0,54.0,65.0
2018,63.0,,31.0,49.0,43.0
2018,32.0,,,,
2018,32.0,,,,
2018,50.0,,,,
2018,74.0,,31.0,53.0,46.0
2018,40.0,,,,
2018,49.0,,,,33.0
2018,60.0,,38.0,41.0,
2018,30.0,,,,
2018,64.0,,,40.0,46.0
2018,39.0,,39.0,35.0,
2018,,,30.0,31.0,
2018,40.0,,,,
2018,35.0,,,,
2018,34.0,,,,
2018,32.0,,,,
2018,47.0,,,,
2018,100.0,,45.0,62.0,55.0
2018,241.0,,107.0,161.0,132.0
2018,31.0,,30.0,,
2018,30.0,,,,
2018,32.0,,,,
2018,39.0,,,,
2018,,,,38.0,
2018,35.0,,32.0,,
2018,30.0,,,30.0,
2018,54.0,,,,
2018,187.0,,80.0,130.0,121.0
2018,58.0,,30.0,41.0,37.0
2018,32.0,,,,
2018,34.0,,,,
2018,57.0,,,46.0,35.0
2018,30.0,,,,
2018,56.0,,,43.0,
2018,30.0,,,,
2018,38.0,,33.0,,
2018,33.0,,31.0,36.0,
2018,30.0,,,,
2018,32.0,,,,
2018,48.0,,,,32.0
2018,69.0,,,39.0,44.0
2018,80.0,,48.0,55.0,48.0
2018,66.0,,,40.0,40.0
2018,34.0,,,35.0,
2018,32.0,,30.0,31.0,
2018,37.0,,,,
2018,39.0,,,,
2018,75.0,,45.0,54.0,40.0
2018,51.0,,,37.0,
2018,221.0,,102.0,142.0,133.0
2018,161.0,,91.0,129.0,110.0
2018,84.0,,43.0,63.0,53.0
2018,36.0,,,32.0,
2018,117.0,,74.0,84.0,71.0
2018,40.0,,,36.0,
2018,32.0,,,,
2018,47.0,,,34.0,
2018,73.0,,64.0,76.0,34.0
2018,43.0,,,,
2018,61.0,,34.0,52.0,36.0
2018,160.0,,89.0,124.0,96.0
2018,161.0,,87.0,89.0,86.0
2018,73.0,,38.0,53.0,40.0
2018,101.0,,81.0,78.0,63.0
2018,73.0,,,,
2018,46.0,,,38.0,31.0
2018,41.0,,32.0,39.0,
2018,88.0,,38.0,56.0,68.0
2018,49.0,,,33.0,32.0
2018,248.0,,131.0,190.0,143.0
2018,515.0,,278.0,402.0,300.0
2018,40.0,,,,
2018,175.0,,75.0,95.0,91.0
2018,107.0,,73.0,82.0,76.0
2018,69.0,,36.0,46.0,36.0
2018,82.0,,63.0,66.0,47.0
2018,68.0,,36.0,31.0,41.0
2018,127.0,,50.0,77.0,74.0
2018,51.0,,,,34.0
2018,50.0,,,37.0,34.0
2018,90.0,,71.0,63.0,53.0
2018,76.0,,54.0,70.0,51.0
2018,42.0,,,,
2018,43.0,,,,31.0
2018,182.0,,95.0,155.0,105.0
2018,86.0,,35.0,50.0,57.0
2018,57.0,,32.0,30.0,31.0
2018,65.0,,,,31.0
2018,49.0,,,,
2018,117.0,,54.0,95.0,75.0
2018,123.0,,48.0,104.0,77.0
2018,50.0,,,,
2018,89.0,,41.0,97.0,60.0
2018,47.0,,,42.0,30.0
2018,51.0,,,39.0,33.0
2018,69.0,,44.0,61.0,42.0
2018,74.0,,60.0,57.0,41.0
2018,113.0,,62.0,76.0,61.0
2018,70.0,,50.0,72.0,41.0
2018,71.0,,46.0,82.0,42.0
2018,72.0,,46.0,63.0,51.0
2018,84.0,,62.0,67.0,49.0
2018,132.0,,93.0,144.0,85.0
2018,134.0,,74.0,90.0,78.0
2018,30.0,,,,
2018,44.0,,37.0,40.0,
2018,41.0,,,,
2018,53.0,,36.0,46.0,39.0
2018,108.0,,73.0,97.0,67.0
2018,64.0,,34.0,45.0,32.0
2018,32.0,,,30.0,
2018,128.0,,71.0,73.0,72.0
2018,96.0,,81.0,90.0,56.0
2018,136.0,,116.0,146.0,79.0
2018,128.0,,92.0,85.0,80.0
2018,134.0,,100.0,114.0,86.0
2018,311.0,,154.0,245.0,210.0
2018,166.0,,106.0,125.0,103.0
2018,129.0,,78.0,101.0,74.0
2018,198.0,,138.0,165.0,108.0
2018,441.0,,231.0,285.0,250.0
2018,165.0,,44.0,56.0,75.0
2018,101.0,,46.0,67.0,65.0
2018,77.0,,48.0,74.0,43.0
2018,157.0,,73.0,95.0,113.0
2018,1073.0,,533.0,751.0,611.0
2018,163.0,,110.0,124.0,108.0
2018,113.0,,70.0,98.0,72.0
2018,182.0,,129.0,140.0,101.0
2018,197.0,,92.0,134.0,121.0
2018,4924.0,,3120.0,4021.0,2954.0
2018,2359.0,,1230.0,1700.0,1422.0
2018,292.0,,195.0,229.0,196.0
2018,68.0,,53.0,50.0,40.0
2018,52.0,,,39.0,34.0
2018,1121.0,,585.0,766.0,689.0
2018,110.0,,49.0,68.0,69.0
2018,677.0,,277.0,372.0,356.0
2018,146.0,,70.0,103.0,91.0
2018,52.0,,,,
2018,9852.0,,5633.0,7394.0,5912.0
2018,126.0,,65.0,80.0,81.0
2018,140.0,,72.0,91.0,87.0
2018,110.0,,76.0,84.0,62.0
2018,96.0,,69.0,86.0,66.0
2018,64.0,,45.0,51.0,45.0
2018,189.0,,134.0,133.0,108.0
2018,148.0,,91.0,131.0,90.0
2018,88.0,,71.0,75.0,50.0
2018,223.0,,134.0,154.0,128.0
2018,733.0,,375.0,509.0,455.0
2018,197.0,,114.0,137.0,124.0
2018,96.0,,79.0,96.0,58.0
2018,126.0,,72.0,112.0,75.0
2018,73.0,,34.0,61.0,47.0
2018,227.0,,131.0,186.0,136.0
2018,139.0,,78.0,129.0,81.0
2018,125.0,,105.0,122.0,93.0
2018,187.0,,129.0,160.0,120.0
2018,207.0,,124.0,173.0,116.0
2018,149.0,,82.0,89.0,82.0
2018,427.0,,199.0,278.0,248.0
2018,214.0,,89.0,148.0,132.0
2018,232.0,,103.0,168.0,138.0
2018,113.0,,49.0,111.0,75.0
2018,132.0,,74.0,118.0,80.0
2018,123.0,,88.0,102.0,73.0
2018,156.0,,73.0,94.0,89.0
2018,109.0,,77.0,99.0,63.0
2018,160.0,,100.0,155.0,103.0
2018,111.0,,79.0,97.0,64.0
2018,194.0,,134.0,180.0,115.0
2018,231.0,,114.0,144.0,138.0
2018,127.0,,70.0,85.0,67.0
2018,239.0,,128.0,141.0,149.0
2018,106.0,,63.0,69.0,57.0
2018,41.0,,,,
2018,65.0,,59.0,71.0,47.0
2018,47.0,,41.0,44.0,
2018,74.0,,60.0,76.0,43.0
2018,95.0,,73.0,69.0,52.0
2018,71.0,,46.0,68.0,39.0
2018,48.0,,40.0,33.0,
2018,97.0,,59.0,76.0,50.0
2018,347.0,,175.0,251.0,203.0
2018,98.0,,63.0,73.0,62.0
2018,53.0,,40.0,54.0,31.0
2018,55.0,,40.0,58.0,32.0
2018,37.0,,,,
2018,119.0,,55.0,93.0,74.0
2018,66.0,,33.0,69.0,32.0
2018,60.0,,46.0,58.0,43.0
2018,97.0,,65.0,79.0,70.0
2018,74.0,,37.0,35.0,42.0
2018,113.0,,63.0,61.0,68.0
2018,206.0,,97.0,136.0,115.0
2018,110.0,,47.0,78.0,67.0
2018,125.0,,52.0,81.0,75.0
2018,54.0,,,55.0,32.0
2018,61.0,,34.0,64.0,35.0
2018,52.0,,46.0,53.0,31.0
2018,79.0,,33.0,46.0,46.0
2018,57.0,,35.0,49.0,
2018,85.0,,52.0,69.0,55.0
2018,49.0,,34.0,36.0,31.0
2018,87.0,,43.0,67.0,50.0
2018,79.0,,43.0,49.0,48.0
2018,105.0,,70.0,81.0,58.0
2018,60.0,,47.0,56.0,38.0
2018,104.0,,42.0,70.0,65.0
2018,142.0,,107.0,126.0,89.0
2018,107.0,,51.0,87.0,63.0
2018,71.0,,40.0,54.0,45.0
2018,71.0,,42.0,49.0,42.0
2018,77.0,,40.0,48.0,43.0
2018,52.0,,42.0,50.0,36.0
2018,75.0,,48.0,86.0,48.0
2018,62.0,,45.0,61.0,33.0
2018,114.0,,73.0,97.0,64.0
2018,123.0,,58.0,86.0,76.0
2018,66.0,,37.0,44.0,37.0
2018,35.0,,,,
2018,80.0,,61.0,83.0,51.0
2018,104.0,,56.0,89.0,62.0
2018,53.0,,43.0,51.0,35.0
2018,65.0,,44.0,37.0,35.0
2018,60.0,,47.0,63.0,36.0
2018,153.0,,91.0,120.0,107.0
2018,81.0,,56.0,48.0,45.0
2018,68.0,,39.0,51.0,38.0
2018,95.0,,71.0,77.0,58.0
2018,232.0,,121.0,141.0,125.0
2018,66.0,,,,36.0
2018,57.0,,,35.0,42.0
2018,36.0,,,36.0,
2018,80.0,,33.0,61.0,58.0
2018,536.0,,281.0,396.0,294.0
2018,44.0,,32.0,50.0,
2018,108.0,,56.0,58.0,62.0
2018,59.0,,,56.0,43.0
2018,103.0,,68.0,84.0,54.0
2018,314.0,,128.0,180.0,163.0
2018,73.0,,30.0,56.0,40.0
2018,4977.0,,2890.0,3790.0,3015.0
2018,4875.0,,2743.0,3604.0,2897.0
2018,75.0,,66.0,74.0,46.0
2018,81.0,,63.0,65.0,44.0
2018,118.0,,106.0,135.0,70.0
2018,97.0,,78.0,63.0,53.0
2018,43.0,,,37.0,
2018,77.0,,45.0,67.0,48.0
2018,61.0,,33.0,41.0,30.0
2018,34.0,,,,
2018,73.0,,65.0,69.0,41.0
2018,50.0,,,41.0,
2018,150.0,,106.0,114.0,88.0
2018,202.0,,112.0,160.0,124.0
2018,391.0,,191.0,275.0,243.0
2018,66.0,,38.0,43.0,41.0
2018,39.0,,,,
2018,134.0,,72.0,93.0,80.0
2018,66.0,,55.0,72.0,38.0
2018,61.0,,41.0,60.0,37.0
2018,49.0,,,37.0,33.0
2018,32.0,,,39.0,
2018,138.0,,94.0,115.0,87.0
2018,30.0,,,,
2018,33.0,,,,
2018,78.0,,60.0,87.0,43.0
2018,52.0,,,,
2018,585.0,,298.0,393.0,338.0
2018,,,,30.0,
2018,148.0,,112.0,111.0,104.0
2018,52.0,,37.0,36.0,38.0
2018,60.0,,,47.0,37.0
2018,32.0,,,,
2018,74.0,,53.0,51.0,50.0
2018,158.0,,63.0,125.0,103.0
2018,85.0,,50.0,77.0,58.0
2018,61.0,,39.0,50.0,36.0
2018,103.0,,67.0,88.0,50.0
2018,209.0,,110.0,144.0,125.0
2018,99.0,,,,39.0
2018,44.0,,,32.0,
2018,41.0,,,38.0,
2018,77.0,,40.0,34.0,55.0
2018,537.0,,252.0,355.0,317.0
2018,63.0,,48.0,48.0,45.0
2018,77.0,,59.0,59.0,43.0
2018,1150.0,,565.0,822.0,681.0
2018,2448.0,,1533.0,1936.0,1472.0
2018,73.0,,40.0,47.0,51.0
2018,103.0,,63.0,68.0,70.0
2018,60.0,,,,40.0
2018,536.0,,287.0,373.0,351.0
2018,363.0,,149.0,192.0,193.0
2018,144.0,,83.0,118.0,92.0
2018,1209.0,,665.0,878.0,741.0
2018,2476.0,,1587.0,2085.0,1482.0
2018,110.0,,49.0,67.0,71.0
2018,61.0,,,42.0,39.0
2018,36.0,,,,
2019,744.0,,479.0,631.0,449.0
2019,815.0,,441.0,652.0,468.0
2019,933.0,,475.0,685.0,559.0
2019,951.0,,444.0,596.0,582.0
2019,52.0,,30.0,36.0,34.0
2019,35.0,,,34.0,
2019,61.0,,46.0,65.0,38.0
2019,93.0,,46.0,52.0,58.0
2019,68.0,,53.0,65.0,35.0
2019,611.0,,390.0,525.0,366.0
2019,119.0,,59.0,71.0,78.0
2019,53.0,,40.0,51.0,38.0
2019,872.0,,482.0,668.0,548.0
2019,31.0,,,32.0,
2019,889.0,,535.0,665.0,518.0
2019,833.0,,511.0,666.0,507.0
2019,697.0,,392.0,571.0,439.0
2019,33.0,,,,
2019,105.0,,44.0,60.0,68.0
2019,37.0,,,,
2019,33.0,,,,
2019,41.0,,,,
2019,31.0,,,,
2019,30.0,,,,
2019,102.0,,41.0,79.0,55.0
2019,65.0,,41.0,48.0,37.0
2019,915.0,,541.0,719.0,576.0
2019,262.0,,164.0,219.0,167.0
2019,70.0,,49.0,59.0,34.0
2019,36.0,,,34.0,
2019,68.0,,50.0,58.0,38.0
2019,124.0,,74.0,105.0,77.0
2019,54.0,,30.0,49.0,30.0
2019,51.0,,,38.0,35.0
2019,38.0,,30.0,31.0,
2019,93.0,,76.0,70.0,59.0
2019,52.0,,34.0,39.0,30.0
2019,122.0,,49.0,76.0,69.0
2019,84.0,,52.0,82.0,55.0
2019,60.0,,37.0,58.0,38.0
2019,73.0,,41.0,61.0,53.0
2019,57.0,,38.0,51.0,37.0
2019,43.0,,48.0,56.0,
2019,48.0,,,41.0,
2019,56.0,,38.0,41.0,39.0
2019,44.0,,,32.0,
2019,88.0,,49.0,45.0,52.0
2019,72.0,,42.0,54.0,50.0
2019,177.0,,96.0,121.0,98.0
2019,102.0,,63.0,67.0,67.0
2019,60.0,,36.0,44.0,32.0
2019,92.0,,66.0,79.0,67.0
2019,67.0,,42.0,64.0,40.0
2019,81.0,,39.0,49.0,54.0
2019,91.0,,58.0,78.0,49.0
2019,39.0,,,,
2019,71.0,,41.0,60.0,36.0
2019,73.0,,35.0,57.0,47.0
2019,36.0,,,35.0,
2019,40.0,,,,
2019,35.0,,,,
2019,31.0,,,,
2019,1823.0,,926.0,1264.0,1130.0
2019,1848.0,,1016.0,1404.0,1135.0
2019,1704.0,,976.0,1317.0,986.0
2019,1577.0,,990.0,1297.0,956.0
2019,1308.0,,782.0,1096.0,805.0
2019,39.0,,,33.0,
2019,46.0,,,,
2019,187.0,,86.0,150.0,118.0
2019,69.0,,56.0,73.0,47.0
2019,43.0,,33.0,49.0,
2019,40.0,,,37.0,
2019,33.0,,,,
2019,31.0,,,,
2019,34.0,,,,
2019,69.0,,35.0,48.0,48.0
2019,32.0,,,,
2019,62.0,,36.0,34.0,42.0
2019,46.0,,,31.0,39.0
2019,72.0,,32.0,51.0,45.0
2019,59.0,,,33.0,30.0
2019,37.0,,,,
2019,35.0,,,,
2019,48.0,,,,32.0
2019,61.0,,35.0,42.0,35.0
2019,32.0,,,31.0,
2019,41.0,,,,
2019,35.0,,,,
2019,83.0,,33.0,47.0,55.0
2019,57.0,,38.0,43.0,35.0
2019,40.0,,,,
2019,59.0,,33.0,41.0,34.0
2019,92.0,,34.0,64.0,53.0
2019,34.0,,,,
2019,39.0,,,,
2019,60.0,,,34.0,32.0
2019,82.0,,37.0,54.0,40.0
2019,36.0,,,,
2019,65.0,,,35.0,39.0
2019,75.0,,,50.0,38.0
2019,45.0,,,,
2019,40.0,,,,
2019,82.0,,42.0,90.0,50.0
2019,38.0,,33.0,41.0,
2019,32.0,,,,
2019,32.0,,,,
2019,56.0,,32.0,51.0,37.0
2019,99.0,,38.0,79.0,56.0
2019,37.0,,,,30.0
2019,40.0,,,34.0,
2019,54.0,,40.0,51.0,36.0
2019,33.0,,,,
2019,97.0,,45.0,58.0,61.0
2019,40.0,,,,
2019,38.0,,,,
2019,37.0,,,,
2019,64.0,,30.0,45.0,35.0
2019,78.0,,,73.0,46.0
2019,34.0,,,,
2019,31.0,,,,
2019,93.0,,48.0,78.0,53.0
2019,96.0,,61.0,69.0,57.0
2019,65.0,,,,
2019,40.0,,,44.0,
2019,94.0,,59.0,69.0,60.0
2019,224.0,,110.0,138.0,131.0
2019,165.0,,91.0,146.0,108.0
2019,102.0,,74.0,97.0,68.0
2019,165.0,,82.0,118.0,109.0
2019,102.0,,66.0,84.0,62.0
2019,85.0,,91.0,104.0,48.0
2019,94.0,,74.0,90.0,55.0
2019,112.0,,64.0,88.0,69.0
2019,84.0,,49.0,70.0,58.0
2019,168.0,,85.0,100.0,97.0
2019,149.0,,77.0,115.0,106.0
2019,373.0,,189.0,231.0,213.0
2019,193.0,,98.0,138.0,113.0
2019,112.0,,64.0,78.0,62.0
2019,170.0,,116.0,153.0,109.0
2019,119.0,,83.0,114.0,79.0
2019,132.0,,73.0,116.0,87.0
2019,203.0,,109.0,152.0,125.0
2019,58.0,,37.0,56.0,42.0
2019,120.0,,72.0,113.0,62.0
2019,83.0,,50.0,68.0,63.0
2019,146.0,,80.0,115.0,88.0
2019,551.0,,317.0,406.0,333.0
2019,186.0,,117.0,130.0,117.0
2019,67.0,,49.0,70.0,45.0
2019,189.0,,128.0,152.0,126.0
2019,151.0,,77.0,123.0,88.0
2019,87.0,,62.0,58.0,52.0
2019,101.0,,53.0,84.0,59.0
2019,8260.0,,4690.0,6378.0,5012.0
2019,121.0,,73.0,99.0,74.0
2019,35.0,,,33.0,
2019,102.0,,71.0,85.0,64.0
2019,565.0,,229.0,365.0,316.0
2019,75.0,,36.0,68.0,44.0
2019,1023.0,,453.0,680.0,618.0
2019,43.0,,,,
2019,1953.0,,954.0,1391.0,1198.0
2019,4130.0,,2700.0,3430.0,2522.0
2019,63.0,,39.0,66.0,43.0
2019,244.0,,160.0,212.0,151.0
2019,167.0,,88.0,128.0,101.0
2019,93.0,,80.0,96.0,51.0
2019,161.0,,113.0,130.0,96.0
2019,131.0,,82.0,113.0,83.0
2019,895.0,,364.0,654.0,522.0
2019,107.0,,60.0,68.0,68.0
2019,79.0,,48.0,77.0,44.0
2019,95.0,,45.0,51.0,58.0
2019,134.0,,39.0,46.0,60.0
2019,322.0,,196.0,261.0,217.0
2019,197.0,,112.0,156.0,119.0
2019,133.0,,59.0,78.0,75.0
2019,124.0,,94.0,112.0,71.0
2019,234.0,,136.0,204.0,141.0
2019,148.0,,92.0,113.0,79.0
2019,106.0,,44.0,88.0,67.0
2019,190.0,,90.0,107.0,108.0
2019,125.0,,90.0,121.0,75.0
2019,98.0,,78.0,86.0,63.0
2019,77.0,,35.0,61.0,56.0
2019,196.0,,93.0,110.0,115.0
2019,91.0,,35.0,71.0,46.0
2019,52.0,,,34.0,30.0
2019,78.0,,50.0,74.0,42.0
2019,52.0,,41.0,50.0,39.0
2019,51.0,,34.0,67.0,33.0
2019,112.0,,51.0,74.0,76.0
2019,,,,33.0,
2019,49.0,,31.0,53.0,
2019,47.0,,,34.0,41.0
2019,73.0,,45.0,58.0,41.0
2019,289.0,,153.0,187.0,166.0
2019,67.0,,58.0,59.0,39.0
2019,32.0,,,36.0,
2019,83.0,,,58.0,53.0
2019,97.0,,44.0,55.0,50.0
2019,64.0,,44.0,56.0,37.0
2019,45.0,,38.0,35.0,
2019,44.0,,31.0,33.0,
2019,78.0,,47.0,66.0,51.0
2019,53.0,,46.0,43.0,
2019,46.0,,42.0,54.0,31.0
2019,439.0,,185.0,347.0,268.0
2019,58.0,,30.0,39.0,40.0
2019,40.0,,,35.0,
2019,51.0,,,,35.0
2019,80.0,,36.0,55.0,45.0
2019,40.0,,,38.0,30.0
2019,56.0,,,47.0,30.0
2019,46.0,,46.0,49.0,33.0
2019,4054.0,,2229.0,3089.0,2424.0
2019,4206.0,,2461.0,3289.0,2588.0
2019,89.0,,41.0,62.0,50.0
2019,40.0,,34.0,53.0,
2019,70.0,,60.0,53.0,48.0
2019,85.0,,40.0,59.0,52.0
2019,456.0,,179.0,307.0,254.0
2019,49.0,,30.0,,
2019,39.0,,,42.0,
2019,44.0,,,,
2019,69.0,,,,33.0
2019,148.0,,95.0,136.0,95.0
2019,104.0,,64.0,78.0,66.0
2019,174.0,,101.0,125.0,122.0
2019,72.0,,,36.0,40.0
2019,110.0,,62.0,99.0,64.0
2019,78.0,,43.0,54.0,45.0
2019,47.0,,,35.0,
2019,55.0,,,50.0,32.0
2019,49.0,,32.0,,
2019,96.0,,52.0,82.0,67.0
2019,42.0,,,30.0,30.0
2019,102.0,,61.0,62.0,62.0
2019,81.0,,39.0,64.0,53.0
2019,42.0,,37.0,39.0,30.0
2019,92.0,,41.0,57.0,56.0
2019,45.0,,,33.0,
2019,42.0,,43.0,48.0,
2019,56.0,,44.0,54.0,33.0
2019,43.0,,,,
2019,91.0,,53.0,77.0,48.0
2019,30.0,,,38.0,
2019,73.0,,38.0,63.0,42.0
2019,42.0,,,,
2019,111.0,,58.0,60.0,60.0
2019,106.0,,80.0,105.0,68.0
2019,80.0,,62.0,68.0,49.0
2019,79.0,,53.0,55.0,47.0
2019,51.0,,37.0,43.0,34.0
2019,274.0,,101.0,186.0,152.0
2019,34.0,,,38.0,
2019,544.0,,218.0,329.0,310.0
2019,944.0,,451.0,672.0,562.0
2019,1984.0,,1297.0,1663.0,1210.0
2019,35.0,,,32.0,
2019,128.0,,66.0,97.0,79.0
2019,51.0,,34.0,42.0,30.0
2019,291.0,,128.0,179.0,164.0
2019,41.0,,,30.0,
2019,479.0,,235.0,351.0,308.0
2019,1009.0,,503.0,719.0,636.0
2019,2146.0,,1403.0,1767.0,1312.0
2019,,,,34.0,
2019,116.0,,94.0,115.0,72.0
2019,35.0,,,,
2019,116.0,,33.0,54.0,64.0
2019,361.0,,167.0,249.0,226.0
2019,452.0,,317.0,410.0,289.0
2019,760.0,,344.0,445.0,461.0
2019,33.0,,,,
2019,48.0,,,32.0,35.0
2019,61.0,,42.0,65.0,41.0
2019,38.0,,,,
2019,71.0,,39.0,55.0,50.0
2019,57.0,,,,
2019,60.0,,39.0,57.0,39.0
2019,79.0,,41.0,63.0,60.0
2019,46.0,,,,
2019,47.0,,,,
2019,69.0,,,,43.0
2019,85.0,,42.0,52.0,45.0
2019,148.0,,90.0,110.0,87.0
2019,42.0,,,,
2019,41.0,,,,31.0
2019,91.0,,52.0,69.0,51.0
2019,91.0,,53.0,59.0,46.0
2019,122.0,,90.0,119.0,85.0
2019,67.0,,40.0,56.0,45.0
2019,69.0,,54.0,78.0,48.0
2019,135.0,,78.0,105.0,79.0
2019,32.0,,,31.0,
2019,44.0,,,,
2019,66.0,,46.0,67.0,38.0
2019,60.0,,39.0,56.0,45.0
2019,37.0,,,,
2019,90.0,,56.0,78.0,54.0
2019,33.0,,,,
2019,56.0,,,40.0,31.0
2019,280.0,,143.0,209.0,171.0
2019,162.0,,106.0,111.0,106.0
2019,124.0,,83.0,92.0,75.0
2019,94.0,,32.0,71.0,52.0
2019,236.0,,103.0,163.0,148.0
2019,851.0,,510.0,644.0,528.0
2019,403.0,,323.0,420.0,254.0
2019,61.0,,30.0,42.0,32.0
2019,46.0,,,,
2019,94.0,,31.0,57.0,53.0
2019,368.0,,295.0,370.0,232.0
2019,54.0,,,34.0,
2019,157.0,,83.0,129.0,100.0
2019,223.0,,163.0,214.0,153.0
2019,379.0,,181.0,237.0,227.0
2019,53.0,,,31.0,
2019,111.0,,57.0,84.0,80.0
2019,266.0,,149.0,195.0,168.0
2019,416.0,,258.0,333.0,262.0
2019,63.0,,,,38.0
2019,104.0,,47.0,69.0,64.0
2019,246.0,,96.0,142.0,143.0
2019,409.0,,326.0,360.0,232.0
2019,,,,35.0,
2019,56.0,,35.0,49.0,33.0
2019,75.0,,30.0,44.0,44.0
2019,181.0,,60.0,113.0,112.0
2019,473.0,,352.0,409.0,293.0
2019,65.0,,36.0,38.0,36.0
2019,32.0,,,,
2019,93.0,,35.0,55.0,60.0
2019,469.0,,286.0,428.0,298.0
2019,46.0,,,,
2019,157.0,,72.0,92.0,81.0
2019,73.0,,34.0,33.0,43.0
2019,65.0,,,44.0,40.0
2019,33.0,,,,
2019,52.0,,44.0,43.0,
2019,108.0,,43.0,67.0,59.0
2019,200.0,,87.0,150.0,112.0
2019,458.0,,179.0,277.0,283.0
2019,806.0,,590.0,714.0,456.0
2019,61.0,,36.0,50.0,34.0
2019,121.0,,55.0,93.0,73.0
2019,148.0,,64.0,77.0,87.0
2019,338.0,,132.0,205.0,193.0
2019,876.0,,675.0,829.0,547.0
2019,39.0,,39.0,42.0,
2019,126.0,,66.0,80.0,68.0
2019,78.0,,32.0,41.0,45.0
2019,37.0,,30.0,35.0,
2019,187.0,,66.0,112.0,113.0
2019,44.0,,,45.0,
2019,62.0,,,,35.0
2019,204.0,,84.0,120.0,126.0
2019,229.0,,154.0,196.0,136.0
2019,381.0,,163.0,208.0,234.0
2019,41.0,,,40.0,
2019,125.0,,46.0,79.0,68.0
2019,252.0,,111.0,192.0,152.0
2019,435.0,,252.0,311.0,266.0
2019,45.0,,,40.0,
2019,96.0,,40.0,81.0,48.0
2019,212.0,,83.0,135.0,140.0
2019,397.0,,264.0,354.0,224.0
2019,837.0,,581.0,798.0,530.0
2019,45.0,,,,
2019,518.0,,260.0,387.0,320.0
2019,69.0,,78.0,82.0,40.0
2019,38.0,,,,
2019,40.0,,,36.0,
2019,30.0,,,,
2019,31.0,,,,
2019,30.0,,,,
2019,76.0,,39.0,47.0,43.0
2019,50.0,,,32.0,32.0
2019,40.0,,,,
2019,39.0,,,39.0,
2019,124.0,,56.0,79.0,67.0
2019,42.0,,32.0,34.0,
2019,39.0,,,,
2019,30.0,,,,
2019,160.0,,64.0,127.0,86.0
2019,65.0,,34.0,49.0,43.0
2019,45.0,,,,
2019,33.0,,,36.0,
2019,36.0,,,34.0,
2019,,,,30.0,
2019,52.0,,,,31.0
2019,36.0,,,30.0,
2019,,,,32.0,
2019,43.0,,,,
2019,76.0,,45.0,41.0,43.0
2019,45.0,,,40.0,
2019,36.0,,,39.0,
2019,122.0,,67.0,78.0,74.0
2019,63.0,,,43.0,34.0
2019,33.0,,,34.0,
2019,43.0,,,,
2019,189.0,,79.0,122.0,114.0
2019,201.0,,79.0,158.0,111.0
2019,62.0,,51.0,62.0,43.0
2019,73.0,,37.0,59.0,53.0
2019,55.0,,,40.0,33.0
2019,41.0,,,30.0,30.0
2019,51.0,,,48.0,33.0
2019,40.0,,,,
2019,31.0,,,,
2019,42.0,,,,
2019,49.0,,,,
2019,36.0,,,,
2019,46.0,,,,
2019,31.0,,,,
2019,48.0,,,46.0,33.0
2019,75.0,,42.0,55.0,47.0
2019,42.0,,,40.0,
2019,33.0,,,,
2019,38.0,,,,
2019,39.0,,,30.0,
2019,34.0,,,41.0,
2019,113.0,,73.0,92.0,70.0
2019,42.0,,,,
2019,44.0,,,,
2019,46.0,,,,31.0
2019,38.0,,31.0,34.0,
2019,36.0,,,30.0,
2019,49.0,,,39.0,
2019,74.0,,43.0,50.0,44.0
2019,39.0,,,,
2019,32.0,,31.0,30.0,
2019,109.0,,67.0,89.0,56.0
2019,62.0,,,,
2019,62.0,,,60.0,40.0
2019,121.0,,77.0,79.0,81.0
2019,117.0,,76.0,100.0,82.0
2019,33.0,,,,
2019,83.0,,54.0,64.0,54.0
2019,53.0,,,,
2019,94.0,,65.0,81.0,55.0
2019,30.0,,,,
2019,72.0,,42.0,57.0,38.0
2019,100.0,,68.0,104.0,61.0
2019,66.0,,43.0,63.0,38.0
2019,67.0,,31.0,56.0,43.0
2019,35.0,,,,
2019,70.0,,49.0,47.0,40.0
2019,102.0,,76.0,86.0,65.0
2019,31.0,,,37.0,
2019,30.0,,,,
2019,31.0,,,,
2019,31.0,,,,
2019,30.0,,,,
2019,120.0,,80.0,83.0,74.0
2019,120.0,,67.0,110.0,73.0
2019,68.0,,62.0,71.0,45.0
2019,77.0,,,48.0,50.0
2019,30.0,,,,
2019,76.0,,49.0,63.0,50.0
2019,69.0,,52.0,69.0,38.0
2019,66.0,,33.0,44.0,49.0
2019,44.0,,33.0,,
2019,64.0,,,53.0,37.0
2019,40.0,,32.0,48.0,
2019,158.0,,56.0,97.0,93.0
2019,34.0,,,,
2019,41.0,,,30.0,30.0
2019,30.0,,,,
2019,44.0,,35.0,42.0,
2019,30.0,,,,
2019,53.0,,45.0,45.0,34.0
2019,,,,34.0,
2019,43.0,,,37.0,
2019,,,,34.0,
2019,,,,33.0,
2019,41.0,,,,
2019,71.0,,48.0,58.0,48.0
2019,38.0,,,36.0,
2019,74.0,,31.0,37.0,35.0
2019,55.0,,,44.0,33.0
2019,57.0,,35.0,32.0,34.0
2019,35.0,,,34.0,
2019,46.0,,,,
2019,464.0,,172.0,332.0,275.0
2019,128.0,,47.0,89.0,72.0
2019,81.0,,61.0,83.0,47.0
2019,200.0,,102.0,157.0,111.0
2019,47.0,,42.0,43.0,
2019,78.0,,51.0,67.0,45.0
2019,42.0,,38.0,35.0,
2019,98.0,,52.0,63.0,61.0
2019,31.0,,,,
2020,,,,30.0,
2020,53.0,,,47.0,30.0
2020,59.0,,36.0,50.0,32.0
2020,36.0,,,,
2020,54.0,,47.0,66.0,33.0
2020,,,32.0,31.0,
2020,41.0,,,32.0,
2020,42.0,,,,
2020,57.0,,,41.0,38.0
2020,100.0,,77.0,76.0,59.0
2020,35.0,,,,
2020,85.0,,41.0,65.0,55.0
2020,37.0,,,,
2020,40.0,,,43.0,
2020,49.0,,30.0,,
2020,46.0,,,43.0,32.0
2020,40.0,,,,
2020,134.0,,79.0,95.0,76.0
2020,32.0,,,,
2020,34.0,,,34.0,
2020,,,35.0,40.0,
2020,96.0,,57.0,70.0,65.0
2020,49.0,,,43.0,
2020,30.0,,,,
2020,40.0,,,31.0,30.0
2020,38.0,,,,
2020,59.0,,36.0,40.0,35.0
2020,69.0,,,38.0,38.0
2020,39.0,,,37.0,
2020,89.0,,59.0,84.0,56.0
2020,90.0,,66.0,91.0,51.0
2020,48.0,,,,32.0
2020,35.0,,,40.0,
2020,35.0,,,,
2020,66.0,,,64.0,40.0
2020,71.0,,43.0,63.0,38.0
2020,62.0,,44.0,53.0,46.0
2020,30.0,,,,
2020,77.0,,45.0,77.0,50.0
2020,95.0,,58.0,95.0,57.0
2020,117.0,,70.0,106.0,74.0
2020,57.0,,36.0,46.0,38.0
2020,31.0,,,34.0,
2020,120.0,,74.0,97.0,69.0
2020,38.0,,,33.0,
2020,135.0,,61.0,78.0,79.0
2020,31.0,,,38.0,
2020,31.0,,,,
2020,81.0,,33.0,61.0,49.0
2020,111.0,,76.0,102.0,68.0
2020,153.0,,78.0,97.0,90.0
2020,67.0,,30.0,38.0,46.0
2020,52.0,,,,
2020,56.0,,,,
2020,36.0,,,,
2020,32.0,,,34.0,
2020,59.0,,36.0,50.0,35.0
2020,33.0,,,,
2020,219.0,,123.0,173.0,133.0
2020,495.0,,209.0,356.0,296.0
2020,90.0,,52.0,84.0,56.0
2020,49.0,,33.0,34.0,33.0
2020,36.0,,,,
2020,32.0,,,,
2020,49.0,,,37.0,
2020,40.0,,,31.0,
2020,56.0,,,,39.0
2020,53.0,,,,
2020,50.0,,30.0,32.0,30.0
2020,38.0,,,,
2020,43.0,,,,
2020,70.0,,,42.0,42.0
2020,72.0,,34.0,61.0,39.0
2020,55.0,,,,39.0
2020,36.0,,,,
2020,31.0,,,,
2020,33.0,,,,
2020,135.0,,73.0,102.0,76.0
2020,,,,31.0,
2020,33.0,,,,
2020,34.0,,,,
2020,38.0,,,,30.0
2020,,,,31.0,
2020,41.0,,36.0,44.0,
2020,43.0,,,37.0,
2020,72.0,,36.0,56.0,45.0
2020,90.0,,46.0,72.0,56.0
2020,35.0,,,,
2020,217.0,,114.0,160.0,136.0
2020,45.0,,,,
2020,64.0,,30.0,45.0,38.0
2020,89.0,,59.0,77.0,54.0
2020,36.0,,,51.0,
2020,37.0,,,,
2020,30.0,,,,
2020,31.0,,,,
2020,73.0,,45.0,41.0,46.0
2020,215.0,,83.0,144.0,128.0
2020,40.0,,,,
2020,35.0,,,,
2020,41.0,,,36.0,
2020,126.0,,66.0,85.0,79.0
2020,39.0,,,,
2020,38.0,,,,
2020,32.0,,,,
2020,44.0,,,33.0,
2020,35.0,,,,
2020,47.0,,,,32.0
2020,61.0,,40.0,43.0,36.0
2020,30.0,,,,
2020,43.0,,,,
2020,,,,30.0,
2020,,,,35.0,
2020,50.0,,,,34.0
2020,42.0,,,,
2020,42.0,,,43.0,
2020,36.0,,,,
2020,70.0,,,40.0,40.0
2020,54.0,,,41.0,31.0
2020,47.0,,,35.0,31.0
2020,79.0,,35.0,50.0,54.0
2020,233.0,,92.0,140.0,140.0
2020,35.0,,,,
2020,37.0,,,,
2020,30.0,,,,
2020,33.0,,,,
2020,31.0,,,,
2020,52.0,,35.0,31.0,
2020,79.0,,47.0,74.0,43.0
2020,168.0,,71.0,115.0,91.0
2020,45.0,,,,
2020,448.0,,158.0,248.0,283.0
2020,267.0,,165.0,234.0,177.0
2020,184.0,,93.0,129.0,109.0
2020,55.0,,,,30.0
2020,41.0,,38.0,38.0,
2020,773.0,,566.0,815.0,478.0
2020,150.0,,66.0,98.0,85.0
2020,96.0,,31.0,54.0,59.0
2020,126.0,,64.0,101.0,76.0
2020,50.0,,43.0,43.0,33.0
2020,847.0,,684.0,807.0,531.0
2020,307.0,,163.0,232.0,214.0
2020,334.0,,117.0,200.0,194.0
2020,104.0,,53.0,64.0,55.0
2020,44.0,,34.0,44.0,
2020,893.0,,555.0,767.0,537.0
2020,477.0,,211.0,295.0,273.0
2020,248.0,,93.0,148.0,158.0
2020,132.0,,48.0,65.0,84.0
2020,58.0,,37.0,39.0,31.0
2020,877.0,,500.0,639.0,504.0
2020,565.0,,309.0,447.0,383.0
2020,320.0,,156.0,203.0,176.0
2020,92.0,,46.0,64.0,54.0
2020,38.0,,,,
2020,44.0,,,30.0,31.0
2020,138.0,,71.0,90.0,79.0
2020,466.0,,251.0,304.0,266.0
2020,70.0,,30.0,,46.0
2020,111.0,,53.0,81.0,76.0
2020,46.0,,,,
2020,71.0,,34.0,50.0,45.0
2020,437.0,,347.0,459.0,278.0
2020,180.0,,67.0,97.0,105.0
2020,60.0,,41.0,51.0,34.0
2020,33.0,,,,
2020,493.0,,291.0,402.0,295.0
2020,252.0,,130.0,165.0,151.0
2020,137.0,,40.0,67.0,82.0
2020,62.0,,,36.0,38.0
2020,32.0,,,,
2020,411.0,,249.0,335.0,238.0
2020,258.0,,146.0,215.0,169.0
2020,152.0,,85.0,88.0,85.0
2020,47.0,,,40.0,30.0
2020,393.0,,174.0,247.0,234.0
2020,227.0,,147.0,227.0,142.0
2020,159.0,,80.0,105.0,106.0
2020,41.0,,,35.0,
2020,378.0,,269.0,373.0,247.0
2020,78.0,,33.0,43.0,45.0
2020,50.0,,,,35.0
2020,55.0,,30.0,51.0,31.0
2020,410.0,,337.0,348.0,253.0
2020,154.0,,50.0,103.0,89.0
2020,78.0,,30.0,39.0,45.0
2020,52.0,,,33.0,31.0
2020,400.0,,264.0,365.0,242.0
2020,225.0,,81.0,130.0,122.0
2020,841.0,,332.0,495.0,517.0
2020,130.0,,68.0,125.0,84.0
2020,494.0,,312.0,461.0,319.0
2020,96.0,,,59.0,49.0
2020,70.0,,48.0,66.0,41.0
2020,42.0,,,,
2020,36.0,,,34.0,
2020,144.0,,75.0,101.0,92.0
2020,90.0,,50.0,60.0,49.0
2020,33.0,,,,
2020,78.0,,42.0,64.0,50.0
2020,138.0,,74.0,111.0,97.0
2020,101.0,,57.0,68.0,61.0
2020,108.0,,51.0,75.0,67.0
2020,41.0,,,33.0,
2020,63.0,,,,38.0
2020,154.0,,72.0,102.0,85.0
2020,66.0,,50.0,48.0,39.0
2020,50.0,,41.0,49.0,32.0
2020,40.0,,,,
2020,41.0,,,,
2020,90.0,,46.0,63.0,63.0
2020,54.0,,33.0,67.0,30.0
2020,38.0,,,,
2020,46.0,,42.0,58.0,
2020,31.0,,38.0,32.0,
2020,56.0,,,,31.0
2020,98.0,,53.0,66.0,57.0
2020,72.0,,72.0,84.0,49.0
2020,90.0,,48.0,60.0,53.0
2020,61.0,,50.0,66.0,41.0
2020,68.0,,36.0,62.0,50.0
2020,58.0,,30.0,36.0,
2020,39.0,,,,
2020,109.0,,61.0,82.0,62.0
2020,47.0,,,48.0,
2020,44.0,,,35.0,
2020,123.0,,93.0,98.0,74.0
2020,48.0,,,39.0,38.0
2020,2129.0,,1358.0,1885.0,1276.0
2020,989.0,,523.0,759.0,607.0
2020,554.0,,263.0,338.0,331.0
2020,36.0,,,37.0,
2020,273.0,,128.0,192.0,156.0
2020,68.0,,37.0,36.0,45.0
2020,114.0,,81.0,96.0,72.0
2020,39.0,,,,
2020,2102.0,,1279.0,1638.0,1291.0
2020,1031.0,,492.0,742.0,647.0
2020,591.0,,261.0,391.0,356.0
2020,46.0,,,32.0,
2020,277.0,,109.0,161.0,162.0
2020,58.0,,40.0,45.0,36.0
2020,73.0,,49.0,67.0,51.0
2020,52.0,,50.0,62.0,38.0
2020,104.0,,63.0,81.0,59.0
2020,99.0,,49.0,56.0,48.0
2020,38.0,,,,
2020,85.0,,49.0,65.0,49.0
2020,33.0,,,,
2020,39.0,,,,
2020,44.0,,44.0,70.0,
2020,116.0,,95.0,121.0,77.0
2020,157.0,,113.0,98.0,107.0
2020,287.0,,166.0,247.0,170.0
2020,343.0,,173.0,234.0,215.0
2020,36.0,,,,
2020,99.0,,54.0,88.0,63.0
2020,136.0,,92.0,125.0,87.0
2020,55.0,,40.0,39.0,
2020,53.0,,35.0,47.0,30.0
2020,45.0,,30.0,43.0,
2020,56.0,,30.0,38.0,35.0
2020,70.0,,42.0,63.0,49.0
2020,54.0,,32.0,50.0,30.0
2020,94.0,,48.0,71.0,62.0
2020,83.0,,40.0,52.0,58.0
2020,53.0,,,48.0,
2020,97.0,,50.0,95.0,61.0
2020,57.0,,,35.0,
2020,58.0,,31.0,33.0,43.0
2020,52.0,,,41.0,36.0
2020,30.0,,,35.0,
2020,67.0,,49.0,60.0,44.0
2020,86.0,,49.0,69.0,58.0
2020,56.0,,31.0,36.0,30.0
2020,108.0,,64.0,99.0,67.0
2020,171.0,,104.0,132.0,100.0
2020,71.0,,,,34.0
2020,39.0,,,,
2020,45.0,,,31.0,35.0
2020,52.0,,35.0,41.0,33.0
2020,492.0,,195.0,322.0,286.0
2020,84.0,,39.0,61.0,47.0
2020,90.0,,43.0,56.0,56.0
2020,45.0,,34.0,30.0,
2020,88.0,,64.0,68.0,58.0
2020,117.0,,64.0,97.0,75.0
2020,60.0,,31.0,65.0,37.0
2020,95.0,,39.0,59.0,67.0
2020,184.0,,96.0,111.0,103.0
2020,63.0,,32.0,58.0,43.0
2020,112.0,,53.0,88.0,67.0
2020,202.0,,99.0,138.0,133.0
2020,69.0,,,,
2020,47.0,,,,
2020,34.0,,,,
2020,61.0,,35.0,45.0,36.0
2020,488.0,,260.0,359.0,305.0
2020,66.0,,45.0,58.0,45.0
2020,88.0,,42.0,63.0,57.0
2020,45.0,,,30.0,
2020,89.0,,53.0,67.0,49.0
2020,56.0,,,41.0,39.0
2020,34.0,,32.0,30.0,
2020,60.0,,37.0,48.0,36.0
2020,84.0,,52.0,46.0,50.0
2020,104.0,,47.0,44.0,67.0
2020,,,,34.0,
2020,89.0,,53.0,72.0,62.0
2020,274.0,,163.0,225.0,177.0
2020,82.0,,48.0,66.0,46.0
2020,46.0,,34.0,,
2020,73.0,,46.0,48.0,40.0
2020,107.0,,53.0,62.0,65.0
2020,85.0,,34.0,56.0,52.0
2020,69.0,,48.0,63.0,43.0
2020,95.0,,51.0,74.0,64.0
2020,78.0,,35.0,42.0,50.0
2020,122.0,,47.0,74.0,72.0
2020,4283.0,,2472.0,3448.0,2593.0
2020,83.0,,49.0,74.0,47.0
2020,4321.0,,2330.0,3172.0,2650.0
2020,77.0,,67.0,83.0,51.0
2020,106.0,,56.0,94.0,69.0
2020,131.0,,88.0,121.0,83.0
2020,238.0,,137.0,201.0,153.0
2020,169.0,,98.0,143.0,105.0
2020,119.0,,63.0,94.0,73.0
2020,220.0,,117.0,187.0,134.0
2020,373.0,,203.0,270.0,233.0
2020,140.0,,37.0,43.0,62.0
2020,86.0,,39.0,57.0,49.0
2020,79.0,,37.0,59.0,59.0
2020,113.0,,70.0,86.0,69.0
2020,980.0,,455.0,681.0,591.0
2020,150.0,,84.0,119.0,92.0
2020,115.0,,68.0,66.0,86.0
2020,178.0,,85.0,119.0,113.0
2020,177.0,,117.0,135.0,107.0
2020,237.0,,174.0,194.0,146.0
2020,87.0,,36.0,60.0,59.0
2020,4231.0,,2637.0,3523.0,2567.0
2020,2020.0,,1015.0,1501.0,1254.0
2020,47.0,,,44.0,
2020,1145.0,,524.0,729.0,687.0
2020,82.0,,41.0,69.0,45.0
2020,550.0,,237.0,353.0,318.0
2020,126.0,,77.0,81.0,81.0
2020,44.0,,32.0,40.0,33.0
2020,8604.0,,4802.0,6620.0,5243.0
2020,72.0,,33.0,55.0,40.0
2020,90.0,,60.0,60.0,44.0
2020,101.0,,57.0,77.0,52.0
2020,184.0,,97.0,184.0,108.0
2020,31.0,,,,
2020,116.0,,70.0,96.0,69.0
2020,177.0,,95.0,108.0,101.0
2020,173.0,,100.0,114.0,107.0
2020,51.0,,47.0,75.0,30.0
2020,163.0,,121.0,147.0,111.0
2020,547.0,,335.0,448.0,340.0
2020,177.0,,93.0,130.0,101.0
2020,89.0,,66.0,63.0,54.0
2020,139.0,,83.0,112.0,80.0
2020,50.0,,41.0,51.0,32.0
2020,207.0,,109.0,146.0,125.0
2020,157.0,,70.0,107.0,93.0
2020,146.0,,87.0,127.0,89.0
2020,185.0,,106.0,157.0,123.0
2020,151.0,,74.0,85.0,96.0
2020,238.0,,100.0,152.0,148.0
2020,327.0,,168.0,229.0,177.0
2020,172.0,,77.0,110.0,112.0
2020,135.0,,74.0,130.0,76.0
2020,62.0,,51.0,71.0,37.0
2020,132.0,,84.0,95.0,74.0
2020,132.0,,82.0,99.0,75.0
2020,91.0,,82.0,93.0,60.0
2020,119.0,,67.0,85.0,71.0
2020,137.0,,88.0,131.0,95.0
2020,118.0,,68.0,98.0,66.0
2020,193.0,,102.0,159.0,125.0
2020,163.0,,83.0,124.0,101.0
2020,102.0,,62.0,84.0,56.0
2020,98.0,,60.0,87.0,70.0
2020,37.0,,,,
2020,121.0,,73.0,104.0,78.0
2020,54.0,,,53.0,33.0
2020,54.0,,33.0,34.0,33.0
2020,33.0,,,,
2020,31.0,,,,
2020,43.0,,,,30.0
2020,106.0,,47.0,73.0,64.0
2020,64.0,,37.0,52.0,41.0
2020,30.0,,,,
2020,31.0,,,,
2020,31.0,,,,
2020,43.0,,,,32.0
2020,127.0,,57.0,79.0,86.0
2020,63.0,,35.0,47.0,31.0
2020,31.0,,,,
2020,66.0,,45.0,55.0,38.0
2020,36.0,,,,
2020,33.0,,,31.0,
2020,40.0,,,34.0,
2020,98.0,,68.0,74.0,62.0
2020,30.0,,,,
2020,60.0,,41.0,54.0,38.0
2020,51.0,,,44.0,
2020,91.0,,43.0,78.0,55.0
2020,,,,30.0,
2020,37.0,,,,
2020,68.0,,34.0,40.0,38.0
2020,42.0,,,36.0,32.0
2020,34.0,,,,
2020,36.0,,,,
2020,,,,37.0,
2020,32.0,,,,
2020,32.0,,,36.0,
2020,1923.0,,917.0,1374.0,1198.0
2020,55.0,,,30.0,35.0
2020,40.0,,,42.0,
2020,42.0,,,38.0,30.0
2020,36.0,,,,
2020,59.0,,31.0,46.0,33.0
2020,66.0,,34.0,37.0,32.0
2020,56.0,,,43.0,36.0
2020,34.0,,,,
2020,33.0,,,,
2020,30.0,,,,
2020,57.0,,,47.0,43.0
2020,39.0,,,,
2020,32.0,,,,
2020,64.0,,,41.0,33.0
2020,34.0,,,,
2020,32.0,,,40.0,
2020,33.0,,,,
2020,51.0,,,46.0,
2020,91.0,,50.0,80.0,54.0
2020,43.0,,,,
2020,181.0,,87.0,142.0,111.0
2020,45.0,,,43.0,
2020,38.0,,,30.0,
2020,31.0,,,,
2020,40.0,,,34.0,
2020,1226.0,,773.0,1130.0,749.0
2020,1546.0,,995.0,1253.0,943.0
2020,1887.0,,990.0,1378.0,1133.0
2020,2022.0,,1127.0,1485.0,1220.0
2020,30.0,,,,
2020,64.0,,39.0,61.0,39.0
2020,109.0,,36.0,71.0,64.0
2020,31.0,,,,
2020,,,,41.0,
2020,74.0,,68.0,75.0,49.0
2020,273.0,,172.0,223.0,163.0
2020,95.0,,45.0,64.0,55.0
2020,43.0,,32.0,36.0,
2020,66.0,,37.0,64.0,40.0
2020,34.0,,,,
2020,100.0,,56.0,84.0,60.0
2020,72.0,,36.0,51.0,41.0
2020,77.0,,39.0,64.0,46.0
2020,90.0,,55.0,83.0,59.0
2020,73.0,,39.0,43.0,46.0
2020,116.0,,53.0,78.0,76.0
2020,69.0,,53.0,70.0,40.0
2020,143.0,,72.0,118.0,74.0
2020,75.0,,43.0,65.0,39.0
2020,32.0,,,36.0,
2020,77.0,,44.0,56.0,48.0
2020,79.0,,47.0,52.0,45.0
2020,46.0,,52.0,50.0,34.0
2020,63.0,,37.0,47.0,36.0
2020,67.0,,46.0,68.0,46.0
2020,64.0,,36.0,48.0,36.0
2020,80.0,,43.0,72.0,43.0
2020,49.0,,36.0,36.0,
2020,87.0,,47.0,89.0,47.0
2020,44.0,,31.0,42.0,
2020,57.0,,37.0,33.0,43.0
2020,77.0,,38.0,51.0,45.0
2020,93.0,,43.0,62.0,51.0
2020,56.0,,33.0,48.0,33.0
2020,43.0,,35.0,53.0,30.0
2020,39.0,,,,
2020,36.0,,,,
2020,106.0,,35.0,61.0,54.0
2020,72.0,,38.0,55.0,45.0
2020,34.0,,,,
2020,43.0,,,,
2020,39.0,,,,
2020,50.0,,,38.0,30.0
2020,119.0,,46.0,86.0,74.0
2020,34.0,,,,
2020,76.0,,51.0,71.0,49.0
2020,30.0,,,,
2020,37.0,,,,
2020,35.0,,,,
2020,33.0,,,,
2020,41.0,,,,
2020,40.0,,32.0,36.0,
2020,90.0,,44.0,64.0,56.0
2020,629.0,,409.0,608.0,369.0
2020,793.0,,526.0,690.0,484.0
2020,1014.0,,520.0,721.0,610.0
2020,956.0,,570.0,751.0,578.0
2020,891.0,,447.0,678.0,552.0
2020,597.0,,364.0,522.0,380.0
2020,753.0,,469.0,563.0,459.0
2020,873.0,,470.0,657.0,523.0
2020,1066.0,,557.0,734.0,642.0
2020,1032.0,,470.0,696.0,646.0
2020,42.0,,31.0,46.0,31.0
2020,62.0,,,33.0,38.0
2020,395.0,,297.0,442.0,231.0
